问题（GPT风格，合成）,岗位,能力项,建议等级
遇到需要处理「结构化沟通与专业写作」的真实场景时，你会如何决策？请说清楚背景、关键约束、可选方案与度量与复盘。,通用,通用能力>结构化沟通与专业写作,B1
现在给你一周时间做「结构化沟通与专业写作」专项优化，你会如何拆分任务、设置里程碑与衡量成功？,通用,通用能力>结构化沟通与专业写作,B1
如果出现异常/失败，围绕「结构化沟通与专业写作」你会如何排查与回滚？请说明触发条件、监控信号和演练频率。,通用,通用能力>结构化沟通与专业写作,B1
遇到需要处理「结构化沟通与专业写作」的真实场景时，你会如何决策？请说清楚背景、关键约束、可选方案与度量与复盘。,通用,通用能力>结构化沟通与专业写作,B1
当外部约束（如合规/性能/成本）冲突时，你会如何在「结构化沟通与专业写作」上达成平衡？请描述试验与评估方法。,通用,通用能力>结构化沟通与专业写作,B1
假设我们线上暴露了与「结构化沟通与专业写作」相关的隐患，你会如何组织一次快速复盘并固化改进？,通用,通用能力>结构化沟通与专业写作,B1
如果你来负责这块工作，围绕「结构化沟通与专业写作」，你会怎么落地？先讲讲一页纸/SCQA，再说说复盘纪要，最后给出说服性表达与常见做法。,通用,通用能力>结构化沟通与专业写作,B1
遇到需要处理「结构化沟通与专业写作」的真实场景时，你会如何决策？请说清楚背景、关键约束、可选方案与度量与复盘。,通用,通用能力>结构化沟通与专业写作,B2
如果出现异常/失败，围绕「结构化沟通与专业写作」你会如何排查与回滚？请说明触发条件、监控信号和演练频率。,通用,通用能力>结构化沟通与专业写作,B2
假设我们线上暴露了与「结构化沟通与专业写作」相关的隐患，你会如何组织一次快速复盘并固化改进？,通用,通用能力>结构化沟通与专业写作,B2
当外部约束（如合规/性能/成本）冲突时，你会如何在「结构化沟通与专业写作」上达成平衡？请描述试验与评估方法。,通用,通用能力>结构化沟通与专业写作,B2
当外部约束（如合规/性能/成本）冲突时，你会如何在「结构化沟通与专业写作」上达成平衡？请描述试验与评估方法。,通用,通用能力>结构化沟通与专业写作,B2
如果出现异常/失败，围绕「结构化沟通与专业写作」你会如何排查与回滚？请说明触发条件、监控信号和演练频率。,通用,通用能力>结构化沟通与专业写作,B2
假设我们线上暴露了与「结构化沟通与专业写作」相关的隐患，你会如何组织一次快速复盘并固化改进？,通用,通用能力>结构化沟通与专业写作,B2
如果你来负责这块工作，围绕「结构化沟通与专业写作」，你会怎么落地？先讲讲一页纸/SCQA，再说说复盘纪要，最后给出说服性表达与指标与机制。,通用,通用能力>结构化沟通与专业写作,B3
请你把「结构化沟通与专业写作」讲给不熟悉该领域的同事听，要求：准确、可操作、并给一个最小可行示例。,通用,通用能力>结构化沟通与专业写作,B3
现在给你一周时间做「结构化沟通与专业写作」专项优化，你会如何拆分任务、设置里程碑与衡量成功？,通用,通用能力>结构化沟通与专业写作,B3
如果出现异常/失败，围绕「结构化沟通与专业写作」你会如何排查与回滚？请说明触发条件、监控信号和演练频率。,通用,通用能力>结构化沟通与专业写作,B3
遇到需要处理「结构化沟通与专业写作」的真实场景时，你会如何决策？请说清楚背景、关键约束、可选方案与度量与复盘。,通用,通用能力>结构化沟通与专业写作,B3
请你把「结构化沟通与专业写作」讲给不熟悉该领域的同事听，要求：准确、可操作、并给一个最小可行示例。,通用,通用能力>结构化沟通与专业写作,B3
在多团队协作下推进「数据素养与度量意识」时，你会如何对齐接口/口径并管理风险？请给出具体机制。,通用,通用能力>数据素养与度量意识,B1
假设我们线上暴露了与「数据素养与度量意识」相关的隐患，你会如何组织一次快速复盘并固化改进？,通用,通用能力>数据素养与度量意识,B1
如果你来负责这块工作，围绕「数据素养与度量意识」，你会怎么落地？先讲讲指标口径，再说说显著性/置信区间，最后给出监控看板与常见做法。,通用,通用能力>数据素养与度量意识,B1
如果必须在两种做法中二选一来处理「数据素养与度量意识」，你的取舍标准是什么？请用数据或准则说明。,通用,通用能力>数据素养与度量意识,B1
遇到需要处理「数据素养与度量意识」的真实场景时，你会如何决策？请说清楚背景、关键约束、可选方案与度量与复盘。,通用,通用能力>数据素养与度量意识,B1
遇到需要处理「数据素养与度量意识」的真实场景时，你会如何决策？请说清楚背景、关键约束、可选方案与度量与复盘。,通用,通用能力>数据素养与度量意识,B1
现在给你一周时间做「数据素养与度量意识」专项优化，你会如何拆分任务、设置里程碑与衡量成功？,通用,通用能力>数据素养与度量意识,B1
假设我们线上暴露了与「数据素养与度量意识」相关的隐患，你会如何组织一次快速复盘并固化改进？,通用,通用能力>数据素养与度量意识,B2
假设我们线上暴露了与「数据素养与度量意识」相关的隐患，你会如何组织一次快速复盘并固化改进？,通用,通用能力>数据素养与度量意识,B2
遇到需要处理「数据素养与度量意识」的真实场景时，你会如何决策？请说清楚背景、关键约束、可选方案与度量与复盘。,通用,通用能力>数据素养与度量意识,B2
如果出现异常/失败，围绕「数据素养与度量意识」你会如何排查与回滚？请说明触发条件、监控信号和演练频率。,通用,通用能力>数据素养与度量意识,B2
遇到需要处理「数据素养与度量意识」的真实场景时，你会如何决策？请说清楚背景、关键约束、可选方案与度量与复盘。,通用,通用能力>数据素养与度量意识,B2
遇到需要处理「数据素养与度量意识」的真实场景时，你会如何决策？请说清楚背景、关键约束、可选方案与度量与复盘。,通用,通用能力>数据素养与度量意识,B2
现在给你一周时间做「数据素养与度量意识」专项优化，你会如何拆分任务、设置里程碑与衡量成功？,通用,通用能力>数据素养与度量意识,B2
在多团队协作下推进「数据素养与度量意识」时，你会如何对齐接口/口径并管理风险？请给出具体机制。,通用,通用能力>数据素养与度量意识,B3
在多团队协作下推进「数据素养与度量意识」时，你会如何对齐接口/口径并管理风险？请给出具体机制。,通用,通用能力>数据素养与度量意识,B3
如果出现异常/失败，围绕「数据素养与度量意识」你会如何排查与回滚？请说明触发条件、监控信号和演练频率。,通用,通用能力>数据素养与度量意识,B3
现在给你一周时间做「数据素养与度量意识」专项优化，你会如何拆分任务、设置里程碑与衡量成功？,通用,通用能力>数据素养与度量意识,B3
遇到需要处理「数据素养与度量意识」的真实场景时，你会如何决策？请说清楚背景、关键约束、可选方案与度量与复盘。,通用,通用能力>数据素养与度量意识,B3
结合你过往的项目，讲一个关于「数据素养与度量意识」的具体案例：你做了什么、为什么这么做、结果如何、还有什么会改进？,通用,通用能力>数据素养与度量意识,B3
如果出现异常/失败，围绕「问题分解与批判性思维」你会如何排查与回滚？请说明触发条件、监控信号和演练频率。,通用,通用能力>问题分解与批判性思维,B1
如果必须在两种做法中二选一来处理「问题分解与批判性思维」，你的取舍标准是什么？请用数据或准则说明。,通用,通用能力>问题分解与批判性思维,B1
现在给你一周时间做「问题分解与批判性思维」专项优化，你会如何拆分任务、设置里程碑与衡量成功？,通用,通用能力>问题分解与批判性思维,B1
当外部约束（如合规/性能/成本）冲突时，你会如何在「问题分解与批判性思维」上达成平衡？请描述试验与评估方法。,通用,通用能力>问题分解与批判性思维,B1
在多团队协作下推进「问题分解与批判性思维」时，你会如何对齐接口/口径并管理风险？请给出具体机制。,通用,通用能力>问题分解与批判性思维,B1
如果出现异常/失败，围绕「问题分解与批判性思维」你会如何排查与回滚？请说明触发条件、监控信号和演练频率。,通用,通用能力>问题分解与批判性思维,B1
在多团队协作下推进「问题分解与批判性思维」时，你会如何对齐接口/口径并管理风险？请给出具体机制。,通用,通用能力>问题分解与批判性思维,B1
现在给你一周时间做「问题分解与批判性思维」专项优化，你会如何拆分任务、设置里程碑与衡量成功？,通用,通用能力>问题分解与批判性思维,B2
如果出现异常/失败，围绕「问题分解与批判性思维」你会如何排查与回滚？请说明触发条件、监控信号和演练频率。,通用,通用能力>问题分解与批判性思维,B2
在多团队协作下推进「问题分解与批判性思维」时，你会如何对齐接口/口径并管理风险？请给出具体机制。,通用,通用能力>问题分解与批判性思维,B2
如果必须在两种做法中二选一来处理「问题分解与批判性思维」，你的取舍标准是什么？请用数据或准则说明。,通用,通用能力>问题分解与批判性思维,B2
如果必须在两种做法中二选一来处理「问题分解与批判性思维」，你的取舍标准是什么？请用数据或准则说明。,通用,通用能力>问题分解与批判性思维,B2
现在给你一周时间做「问题分解与批判性思维」专项优化，你会如何拆分任务、设置里程碑与衡量成功？,通用,通用能力>问题分解与批判性思维,B2
如果出现异常/失败，围绕「问题分解与批判性思维」你会如何排查与回滚？请说明触发条件、监控信号和演练频率。,通用,通用能力>问题分解与批判性思维,B2
当外部约束（如合规/性能/成本）冲突时，你会如何在「问题分解与批判性思维」上达成平衡？请描述试验与评估方法。,通用,通用能力>问题分解与批判性思维,B3
现在给你一周时间做「问题分解与批判性思维」专项优化，你会如何拆分任务、设置里程碑与衡量成功？,通用,通用能力>问题分解与批判性思维,B3
假设我们线上暴露了与「问题分解与批判性思维」相关的隐患，你会如何组织一次快速复盘并固化改进？,通用,通用能力>问题分解与批判性思维,B3
假设我们线上暴露了与「问题分解与批判性思维」相关的隐患，你会如何组织一次快速复盘并固化改进？,通用,通用能力>问题分解与批判性思维,B3
在多团队协作下推进「问题分解与批判性思维」时，你会如何对齐接口/口径并管理风险？请给出具体机制。,通用,通用能力>问题分解与批判性思维,B3
结合你过往的项目，讲一个关于「问题分解与批判性思维」的具体案例：你做了什么、为什么这么做、结果如何、还有什么会改进？,通用,通用能力>问题分解与批判性思维,B3
如果必须在两种做法中二选一来处理「协同与项目节奏管理」，你的取舍标准是什么？请用数据或准则说明。,通用,通用能力>协同与项目节奏管理,B1
如果你来负责这块工作，围绕「协同与项目节奏管理」，你会怎么落地？先讲讲RACI，再说说看板/里程碑，最后给出变更管理与基础概念。,通用,通用能力>协同与项目节奏管理,B1
结合你过往的项目，讲一个关于「协同与项目节奏管理」的具体案例：你做了什么、为什么这么做、结果如何、还有什么会改进？,通用,通用能力>协同与项目节奏管理,B1
结合你过往的项目，讲一个关于「协同与项目节奏管理」的具体案例：你做了什么、为什么这么做、结果如何、还有什么会改进？,通用,通用能力>协同与项目节奏管理,B1
请你把「协同与项目节奏管理」讲给不熟悉该领域的同事听，要求：准确、可操作、并给一个最小可行示例。,通用,通用能力>协同与项目节奏管理,B1
遇到需要处理「协同与项目节奏管理」的真实场景时，你会如何决策？请说清楚背景、关键约束、可选方案与度量与复盘。,通用,通用能力>协同与项目节奏管理,B1
请你把「协同与项目节奏管理」讲给不熟悉该领域的同事听，要求：准确、可操作、并给一个最小可行示例。,通用,通用能力>协同与项目节奏管理,B1
如果必须在两种做法中二选一来处理「协同与项目节奏管理」，你的取舍标准是什么？请用数据或准则说明。,通用,通用能力>协同与项目节奏管理,B2
现在给你一周时间做「协同与项目节奏管理」专项优化，你会如何拆分任务、设置里程碑与衡量成功？,通用,通用能力>协同与项目节奏管理,B2
如果你来负责这块工作，围绕「协同与项目节奏管理」，你会怎么落地？先讲讲RACI，再说说看板/里程碑，最后给出变更管理与验证方式。,通用,通用能力>协同与项目节奏管理,B2
遇到需要处理「协同与项目节奏管理」的真实场景时，你会如何决策？请说清楚背景、关键约束、可选方案与度量与复盘。,通用,通用能力>协同与项目节奏管理,B2
当外部约束（如合规/性能/成本）冲突时，你会如何在「协同与项目节奏管理」上达成平衡？请描述试验与评估方法。,通用,通用能力>协同与项目节奏管理,B2
在多团队协作下推进「协同与项目节奏管理」时，你会如何对齐接口/口径并管理风险？请给出具体机制。,通用,通用能力>协同与项目节奏管理,B2
现在给你一周时间做「协同与项目节奏管理」专项优化，你会如何拆分任务、设置里程碑与衡量成功？,通用,通用能力>协同与项目节奏管理,B2
结合你过往的项目，讲一个关于「协同与项目节奏管理」的具体案例：你做了什么、为什么这么做、结果如何、还有什么会改进？,通用,通用能力>协同与项目节奏管理,B3
如果你来负责这块工作，围绕「协同与项目节奏管理」，你会怎么落地？先讲讲RACI，再说说看板/里程碑，最后给出变更管理与指标与机制。,通用,通用能力>协同与项目节奏管理,B3
现在给你一周时间做「协同与项目节奏管理」专项优化，你会如何拆分任务、设置里程碑与衡量成功？,通用,通用能力>协同与项目节奏管理,B3
结合你过往的项目，讲一个关于「协同与项目节奏管理」的具体案例：你做了什么、为什么这么做、结果如何、还有什么会改进？,通用,通用能力>协同与项目节奏管理,B3
遇到需要处理「协同与项目节奏管理」的真实场景时，你会如何决策？请说清楚背景、关键约束、可选方案与度量与复盘。,通用,通用能力>协同与项目节奏管理,B3
现在给你一周时间做「协同与项目节奏管理」专项优化，你会如何拆分任务、设置里程碑与衡量成功？,通用,通用能力>协同与项目节奏管理,B3
当外部约束（如合规/性能/成本）冲突时，你会如何在「以用户为中心与可及性意识」上达成平衡？请描述试验与评估方法。,通用,通用能力>以用户为中心与可及性意识,B1
如果出现异常/失败，围绕「以用户为中心与可及性意识」你会如何排查与回滚？请说明触发条件、监控信号和演练频率。,通用,通用能力>以用户为中心与可及性意识,B1
在多团队协作下推进「以用户为中心与可及性意识」时，你会如何对齐接口/口径并管理风险？请给出具体机制。,通用,通用能力>以用户为中心与可及性意识,B1
当外部约束（如合规/性能/成本）冲突时，你会如何在「以用户为中心与可及性意识」上达成平衡？请描述试验与评估方法。,通用,通用能力>以用户为中心与可及性意识,B1
如果你来负责这块工作，围绕「以用户为中心与可及性意识」，你会怎么落地？先讲讲可用性，再说说可及性/WCAG，最后给出用户证据与举例说明。,通用,通用能力>以用户为中心与可及性意识,B1
在多团队协作下推进「以用户为中心与可及性意识」时，你会如何对齐接口/口径并管理风险？请给出具体机制。,通用,通用能力>以用户为中心与可及性意识,B1
如果你来负责这块工作，围绕「以用户为中心与可及性意识」，你会怎么落地？先讲讲可用性，再说说可及性/WCAG，最后给出用户证据与常见做法。,通用,通用能力>以用户为中心与可及性意识,B1
在多团队协作下推进「以用户为中心与可及性意识」时，你会如何对齐接口/口径并管理风险？请给出具体机制。,通用,通用能力>以用户为中心与可及性意识,B2
如果出现异常/失败，围绕「以用户为中心与可及性意识」你会如何排查与回滚？请说明触发条件、监控信号和演练频率。,通用,通用能力>以用户为中心与可及性意识,B2
如果出现异常/失败，围绕「以用户为中心与可及性意识」你会如何排查与回滚？请说明触发条件、监控信号和演练频率。,通用,通用能力>以用户为中心与可及性意识,B2
遇到需要处理「以用户为中心与可及性意识」的真实场景时，你会如何决策？请说清楚背景、关键约束、可选方案与度量与复盘。,通用,通用能力>以用户为中心与可及性意识,B2
如果必须在两种做法中二选一来处理「以用户为中心与可及性意识」，你的取舍标准是什么？请用数据或准则说明。,通用,通用能力>以用户为中心与可及性意识,B2
当外部约束（如合规/性能/成本）冲突时，你会如何在「以用户为中心与可及性意识」上达成平衡？请描述试验与评估方法。,通用,通用能力>以用户为中心与可及性意识,B2
结合你过往的项目，讲一个关于「以用户为中心与可及性意识」的具体案例：你做了什么、为什么这么做、结果如何、还有什么会改进？,通用,通用能力>以用户为中心与可及性意识,B2
如果必须在两种做法中二选一来处理「以用户为中心与可及性意识」，你的取舍标准是什么？请用数据或准则说明。,通用,通用能力>以用户为中心与可及性意识,B3
结合你过往的项目，讲一个关于「以用户为中心与可及性意识」的具体案例：你做了什么、为什么这么做、结果如何、还有什么会改进？,通用,通用能力>以用户为中心与可及性意识,B3
当外部约束（如合规/性能/成本）冲突时，你会如何在「以用户为中心与可及性意识」上达成平衡？请描述试验与评估方法。,通用,通用能力>以用户为中心与可及性意识,B3
请你把「以用户为中心与可及性意识」讲给不熟悉该领域的同事听，要求：准确、可操作、并给一个最小可行示例。,通用,通用能力>以用户为中心与可及性意识,B3
当外部约束（如合规/性能/成本）冲突时，你会如何在「以用户为中心与可及性意识」上达成平衡？请描述试验与评估方法。,通用,通用能力>以用户为中心与可及性意识,B3
如果出现异常/失败，围绕「以用户为中心与可及性意识」你会如何排查与回滚？请说明触发条件、监控信号和演练频率。,通用,通用能力>以用户为中心与可及性意识,B3
现在给你一周时间做「伦理、隐私与合规基础」专项优化，你会如何拆分任务、设置里程碑与衡量成功？,通用,通用能力>伦理、隐私与合规基础,B1
在多团队协作下推进「伦理、隐私与合规基础」时，你会如何对齐接口/口径并管理风险？请给出具体机制。,通用,通用能力>伦理、隐私与合规基础,B1
当外部约束（如合规/性能/成本）冲突时，你会如何在「伦理、隐私与合规基础」上达成平衡？请描述试验与评估方法。,通用,通用能力>伦理、隐私与合规基础,B1
遇到需要处理「伦理、隐私与合规基础」的真实场景时，你会如何决策？请说清楚背景、关键约束、可选方案与度量与复盘。,通用,通用能力>伦理、隐私与合规基础,B1
如果出现异常/失败，围绕「伦理、隐私与合规基础」你会如何排查与回滚？请说明触发条件、监控信号和演练频率。,通用,通用能力>伦理、隐私与合规基础,B1
在多团队协作下推进「伦理、隐私与合规基础」时，你会如何对齐接口/口径并管理风险？请给出具体机制。,通用,通用能力>伦理、隐私与合规基础,B1
假设我们线上暴露了与「伦理、隐私与合规基础」相关的隐患，你会如何组织一次快速复盘并固化改进？,通用,通用能力>伦理、隐私与合规基础,B1
如果出现异常/失败，围绕「伦理、隐私与合规基础」你会如何排查与回滚？请说明触发条件、监控信号和演练频率。,通用,通用能力>伦理、隐私与合规基础,B2
如果出现异常/失败，围绕「伦理、隐私与合规基础」你会如何排查与回滚？请说明触发条件、监控信号和演练频率。,通用,通用能力>伦理、隐私与合规基础,B2
遇到需要处理「伦理、隐私与合规基础」的真实场景时，你会如何决策？请说清楚背景、关键约束、可选方案与度量与复盘。,通用,通用能力>伦理、隐私与合规基础,B2
如果你来负责这块工作，围绕「伦理、隐私与合规基础」，你会怎么落地？先讲讲最小化/目的限制，再说说DPIA/影响评估，最后给出审计追踪与验证方式。,通用,通用能力>伦理、隐私与合规基础,B2
遇到需要处理「伦理、隐私与合规基础」的真实场景时，你会如何决策？请说清楚背景、关键约束、可选方案与度量与复盘。,通用,通用能力>伦理、隐私与合规基础,B2
在多团队协作下推进「伦理、隐私与合规基础」时，你会如何对齐接口/口径并管理风险？请给出具体机制。,通用,通用能力>伦理、隐私与合规基础,B2
当外部约束（如合规/性能/成本）冲突时，你会如何在「伦理、隐私与合规基础」上达成平衡？请描述试验与评估方法。,通用,通用能力>伦理、隐私与合规基础,B2
现在给你一周时间做「伦理、隐私与合规基础」专项优化，你会如何拆分任务、设置里程碑与衡量成功？,通用,通用能力>伦理、隐私与合规基础,B3
如果必须在两种做法中二选一来处理「伦理、隐私与合规基础」，你的取舍标准是什么？请用数据或准则说明。,通用,通用能力>伦理、隐私与合规基础,B3
当外部约束（如合规/性能/成本）冲突时，你会如何在「伦理、隐私与合规基础」上达成平衡？请描述试验与评估方法。,通用,通用能力>伦理、隐私与合规基础,B3
假设我们线上暴露了与「伦理、隐私与合规基础」相关的隐患，你会如何组织一次快速复盘并固化改进？,通用,通用能力>伦理、隐私与合规基础,B3
如果必须在两种做法中二选一来处理「伦理、隐私与合规基础」，你的取舍标准是什么？请用数据或准则说明。,通用,通用能力>伦理、隐私与合规基础,B3
如果必须在两种做法中二选一来处理「伦理、隐私与合规基础」，你的取舍标准是什么？请用数据或准则说明。,通用,通用能力>伦理、隐私与合规基础,B3
如果出现异常/失败，围绕「数字工具与信息素养」你会如何排查与回滚？请说明触发条件、监控信号和演练频率。,通用,通用能力>数字工具与信息素养,B1
遇到需要处理「数字工具与信息素养」的真实场景时，你会如何决策？请说清楚背景、关键约束、可选方案与度量与复盘。,通用,通用能力>数字工具与信息素养,B1
请你把「数字工具与信息素养」讲给不熟悉该领域的同事听，要求：准确、可操作、并给一个最小可行示例。,通用,通用能力>数字工具与信息素养,B1
请你把「数字工具与信息素养」讲给不熟悉该领域的同事听，要求：准确、可操作、并给一个最小可行示例。,通用,通用能力>数字工具与信息素养,B1
如果必须在两种做法中二选一来处理「数字工具与信息素养」，你的取舍标准是什么？请用数据或准则说明。,通用,通用能力>数字工具与信息素养,B1
如果你来负责这块工作，围绕「数字工具与信息素养」，你会怎么落地？先讲讲协同文档，再说说自动化模板，最后给出知识库与举例说明。,通用,通用能力>数字工具与信息素养,B1
遇到需要处理「数字工具与信息素养」的真实场景时，你会如何决策？请说清楚背景、关键约束、可选方案与度量与复盘。,通用,通用能力>数字工具与信息素养,B1
请你把「数字工具与信息素养」讲给不熟悉该领域的同事听，要求：准确、可操作、并给一个最小可行示例。,通用,通用能力>数字工具与信息素养,B2
在多团队协作下推进「数字工具与信息素养」时，你会如何对齐接口/口径并管理风险？请给出具体机制。,通用,通用能力>数字工具与信息素养,B2
如果出现异常/失败，围绕「数字工具与信息素养」你会如何排查与回滚？请说明触发条件、监控信号和演练频率。,通用,通用能力>数字工具与信息素养,B2
如果出现异常/失败，围绕「数字工具与信息素养」你会如何排查与回滚？请说明触发条件、监控信号和演练频率。,通用,通用能力>数字工具与信息素养,B2
如果必须在两种做法中二选一来处理「数字工具与信息素养」，你的取舍标准是什么？请用数据或准则说明。,通用,通用能力>数字工具与信息素养,B2
请你把「数字工具与信息素养」讲给不熟悉该领域的同事听，要求：准确、可操作、并给一个最小可行示例。,通用,通用能力>数字工具与信息素养,B2
现在给你一周时间做「数字工具与信息素养」专项优化，你会如何拆分任务、设置里程碑与衡量成功？,通用,通用能力>数字工具与信息素养,B2
如果出现异常/失败，围绕「数字工具与信息素养」你会如何排查与回滚？请说明触发条件、监控信号和演练频率。,通用,通用能力>数字工具与信息素养,B3
如果必须在两种做法中二选一来处理「数字工具与信息素养」，你的取舍标准是什么？请用数据或准则说明。,通用,通用能力>数字工具与信息素养,B3
遇到需要处理「数字工具与信息素养」的真实场景时，你会如何决策？请说清楚背景、关键约束、可选方案与度量与复盘。,通用,通用能力>数字工具与信息素养,B3
当外部约束（如合规/性能/成本）冲突时，你会如何在「数字工具与信息素养」上达成平衡？请描述试验与评估方法。,通用,通用能力>数字工具与信息素养,B3
遇到需要处理「数字工具与信息素养」的真实场景时，你会如何决策？请说清楚背景、关键约束、可选方案与度量与复盘。,通用,通用能力>数字工具与信息素养,B3
结合你过往的项目，讲一个关于「数字工具与信息素养」的具体案例：你做了什么、为什么这么做、结果如何、还有什么会改进？,通用,通用能力>数字工具与信息素养,B3
如果必须在两种做法中二选一来处理「学习与复盘」，你的取舍标准是什么？请用数据或准则说明。,通用,通用能力>学习与复盘,B1
如果出现异常/失败，围绕「学习与复盘」你会如何排查与回滚？请说明触发条件、监控信号和演练频率。,通用,通用能力>学习与复盘,B1
如果你来负责这块工作，围绕「学习与复盘」，你会怎么落地？先讲讲复盘模板，再说说改进闭环，最后给出经验沉淀与常见做法。,通用,通用能力>学习与复盘,B1
请你把「学习与复盘」讲给不熟悉该领域的同事听，要求：准确、可操作、并给一个最小可行示例。,通用,通用能力>学习与复盘,B1
请你把「学习与复盘」讲给不熟悉该领域的同事听，要求：准确、可操作、并给一个最小可行示例。,通用,通用能力>学习与复盘,B1
如果必须在两种做法中二选一来处理「学习与复盘」，你的取舍标准是什么？请用数据或准则说明。,通用,通用能力>学习与复盘,B1
请你把「学习与复盘」讲给不熟悉该领域的同事听，要求：准确、可操作、并给一个最小可行示例。,通用,通用能力>学习与复盘,B1
当外部约束（如合规/性能/成本）冲突时，你会如何在「学习与复盘」上达成平衡？请描述试验与评估方法。,通用,通用能力>学习与复盘,B2
如果必须在两种做法中二选一来处理「学习与复盘」，你的取舍标准是什么？请用数据或准则说明。,通用,通用能力>学习与复盘,B2
如果出现异常/失败，围绕「学习与复盘」你会如何排查与回滚？请说明触发条件、监控信号和演练频率。,通用,通用能力>学习与复盘,B2
如果出现异常/失败，围绕「学习与复盘」你会如何排查与回滚？请说明触发条件、监控信号和演练频率。,通用,通用能力>学习与复盘,B2
假设我们线上暴露了与「学习与复盘」相关的隐患，你会如何组织一次快速复盘并固化改进？,通用,通用能力>学习与复盘,B2
当外部约束（如合规/性能/成本）冲突时，你会如何在「学习与复盘」上达成平衡？请描述试验与评估方法。,通用,通用能力>学习与复盘,B2
在多团队协作下推进「学习与复盘」时，你会如何对齐接口/口径并管理风险？请给出具体机制。,通用,通用能力>学习与复盘,B2
如果你来负责这块工作，围绕「学习与复盘」，你会怎么落地？先讲讲复盘模板，再说说改进闭环，最后给出经验沉淀与体系化治理。,通用,通用能力>学习与复盘,B3
如果必须在两种做法中二选一来处理「学习与复盘」，你的取舍标准是什么？请用数据或准则说明。,通用,通用能力>学习与复盘,B3
当外部约束（如合规/性能/成本）冲突时，你会如何在「学习与复盘」上达成平衡？请描述试验与评估方法。,通用,通用能力>学习与复盘,B3
如果你来负责这块工作，围绕「学习与复盘」，你会怎么落地？先讲讲复盘模板，再说说改进闭环，最后给出经验沉淀与体系化治理。,通用,通用能力>学习与复盘,B3
遇到需要处理「学习与复盘」的真实场景时，你会如何决策？请说清楚背景、关键约束、可选方案与度量与复盘。,通用,通用能力>学习与复盘,B3
遇到需要处理「学习与复盘」的真实场景时，你会如何决策？请说清楚背景、关键约束、可选方案与度量与复盘。,通用,通用能力>学习与复盘,B3
遇到需要处理「语言/运行时（并发/内存/异步）」的真实场景时，你会如何决策？请说清楚背景、关键约束、可选方案与验证路径。,后端,垂直能力>后端>硬实力>语言/运行时（并发/内存/异步）,B1
如果出现异常/失败，围绕「语言/运行时（并发/内存/异步）」你会如何排查与回滚？请说明触发条件、监控信号和演练频率。,后端,垂直能力>后端>硬实力>语言/运行时（并发/内存/异步）,B1
遇到需要处理「语言/运行时（并发/内存/异步）」的真实场景时，你会如何决策？请说清楚背景、关键约束、可选方案与验证路径。,后端,垂直能力>后端>硬实力>语言/运行时（并发/内存/异步）,B1
如果出现异常/失败，围绕「语言/运行时（并发/内存/异步）」你会如何排查与回滚？请说明触发条件、监控信号和演练频率。,后端,垂直能力>后端>硬实力>语言/运行时（并发/内存/异步）,B1
假设我们线上暴露了与「语言/运行时（并发/内存/异步）」相关的隐患，你会如何组织一次快速复盘并固化改进？,后端,垂直能力>后端>硬实力>语言/运行时（并发/内存/异步）,B1
假设我们线上暴露了与「语言/运行时（并发/内存/异步）」相关的隐患，你会如何组织一次快速复盘并固化改进？,后端,垂直能力>后端>硬实力>语言/运行时（并发/内存/异步）,B1
请你把「语言/运行时（并发/内存/异步）」讲给不熟悉该领域的同事听，要求：准确、可操作、并给一个最小可行示例。,后端,垂直能力>后端>硬实力>语言/运行时（并发/内存/异步）,B1
假设我们线上暴露了与「语言/运行时（并发/内存/异步）」相关的隐患，你会如何组织一次快速复盘并固化改进？,后端,垂直能力>后端>硬实力>语言/运行时（并发/内存/异步）,B2
当外部约束（如合规/性能/成本）冲突时，你会如何在「语言/运行时（并发/内存/异步）」上达成平衡？请描述试验与评估方法。,后端,垂直能力>后端>硬实力>语言/运行时（并发/内存/异步）,B2
现在给你一周时间做「语言/运行时（并发/内存/异步）」专项优化，你会如何拆分任务、设置里程碑与衡量成功？,后端,垂直能力>后端>硬实力>语言/运行时（并发/内存/异步）,B2
在多团队协作下推进「语言/运行时（并发/内存/异步）」时，你会如何对齐接口/口径并管理风险？请给出具体机制。,后端,垂直能力>后端>硬实力>语言/运行时（并发/内存/异步）,B2
现在给你一周时间做「语言/运行时（并发/内存/异步）」专项优化，你会如何拆分任务、设置里程碑与衡量成功？,后端,垂直能力>后端>硬实力>语言/运行时（并发/内存/异步）,B2
结合你过往的项目，讲一个关于「语言/运行时（并发/内存/异步）」的具体技术案例：你做了什么、为什么这么做、结果如何、还有什么会改进？,后端,垂直能力>后端>硬实力>语言/运行时（并发/内存/异步）,B2
现在给你一周时间做「语言/运行时（并发/内存/异步）」专项优化，你会如何拆分任务、设置里程碑与衡量成功？,后端,垂直能力>后端>硬实力>语言/运行时（并发/内存/异步）,B2
在多团队协作下推进「语言/运行时（并发/内存/异步）」时，你会如何对齐接口/口径并管理风险？请给出具体机制。,后端,垂直能力>后端>硬实力>语言/运行时（并发/内存/异步）,B3
如果你来负责这块工作，围绕「语言/运行时（并发/内存/异步）」，你会怎么设计与验证？先讲讲并发/协程，再说说内存/GC，最后给出IO/阻塞与体系化治理。,后端,垂直能力>后端>硬实力>语言/运行时（并发/内存/异步）,B3
假设我们线上暴露了与「语言/运行时（并发/内存/异步）」相关的隐患，你会如何组织一次快速复盘并固化改进？,后端,垂直能力>后端>硬实力>语言/运行时（并发/内存/异步）,B3
遇到需要处理「语言/运行时（并发/内存/异步）」的真实场景时，你会如何决策？请说清楚背景、关键约束、可选方案与验证路径。,后端,垂直能力>后端>硬实力>语言/运行时（并发/内存/异步）,B3
当外部约束（如合规/性能/成本）冲突时，你会如何在「语言/运行时（并发/内存/异步）」上达成平衡？请描述试验与评估方法。,后端,垂直能力>后端>硬实力>语言/运行时（并发/内存/异步）,B3
当外部约束（如合规/性能/成本）冲突时，你会如何在「语言/运行时（并发/内存/异步）」上达成平衡？请描述试验与评估方法。,后端,垂直能力>后端>硬实力>语言/运行时（并发/内存/异步）,B3
结合你过往的项目，讲一个关于「接口与协议（REST/gRPC/RPC）」的具体技术案例：你做了什么、为什么这么做、结果如何、还有什么会改进？,后端,垂直能力>后端>硬实力>接口与协议（REST/gRPC/RPC）,B1
遇到需要处理「接口与协议（REST/gRPC/RPC）」的真实场景时，你会如何决策？请说清楚背景、关键约束、可选方案与验证路径。,后端,垂直能力>后端>硬实力>接口与协议（REST/gRPC/RPC）,B1
在多团队协作下推进「接口与协议（REST/gRPC/RPC）」时，你会如何对齐接口/口径并管理风险？请给出具体机制。,后端,垂直能力>后端>硬实力>接口与协议（REST/gRPC/RPC）,B1
结合你过往的项目，讲一个关于「接口与协议（REST/gRPC/RPC）」的具体技术案例：你做了什么、为什么这么做、结果如何、还有什么会改进？,后端,垂直能力>后端>硬实力>接口与协议（REST/gRPC/RPC）,B1
当外部约束（如合规/性能/成本）冲突时，你会如何在「接口与协议（REST/gRPC/RPC）」上达成平衡？请描述试验与评估方法。,后端,垂直能力>后端>硬实力>接口与协议（REST/gRPC/RPC）,B1
现在给你一周时间做「接口与协议（REST/gRPC/RPC）」专项优化，你会如何拆分任务、设置里程碑与衡量成功？,后端,垂直能力>后端>硬实力>接口与协议（REST/gRPC/RPC）,B1
当外部约束（如合规/性能/成本）冲突时，你会如何在「接口与协议（REST/gRPC/RPC）」上达成平衡？请描述试验与评估方法。,后端,垂直能力>后端>硬实力>接口与协议（REST/gRPC/RPC）,B1
当外部约束（如合规/性能/成本）冲突时，你会如何在「接口与协议（REST/gRPC/RPC）」上达成平衡？请描述试验与评估方法。,后端,垂直能力>后端>硬实力>接口与协议（REST/gRPC/RPC）,B2
遇到需要处理「接口与协议（REST/gRPC/RPC）」的真实场景时，你会如何决策？请说清楚背景、关键约束、可选方案与验证路径。,后端,垂直能力>后端>硬实力>接口与协议（REST/gRPC/RPC）,B2
现在给你一周时间做「接口与协议（REST/gRPC/RPC）」专项优化，你会如何拆分任务、设置里程碑与衡量成功？,后端,垂直能力>后端>硬实力>接口与协议（REST/gRPC/RPC）,B2
遇到需要处理「接口与协议（REST/gRPC/RPC）」的真实场景时，你会如何决策？请说清楚背景、关键约束、可选方案与验证路径。,后端,垂直能力>后端>硬实力>接口与协议（REST/gRPC/RPC）,B2
当外部约束（如合规/性能/成本）冲突时，你会如何在「接口与协议（REST/gRPC/RPC）」上达成平衡？请描述试验与评估方法。,后端,垂直能力>后端>硬实力>接口与协议（REST/gRPC/RPC）,B2
现在给你一周时间做「接口与协议（REST/gRPC/RPC）」专项优化，你会如何拆分任务、设置里程碑与衡量成功？,后端,垂直能力>后端>硬实力>接口与协议（REST/gRPC/RPC）,B2
假设我们线上暴露了与「接口与协议（REST/gRPC/RPC）」相关的隐患，你会如何组织一次快速复盘并固化改进？,后端,垂直能力>后端>硬实力>接口与协议（REST/gRPC/RPC）,B2
在多团队协作下推进「接口与协议（REST/gRPC/RPC）」时，你会如何对齐接口/口径并管理风险？请给出具体机制。,后端,垂直能力>后端>硬实力>接口与协议（REST/gRPC/RPC）,B3
现在给你一周时间做「接口与协议（REST/gRPC/RPC）」专项优化，你会如何拆分任务、设置里程碑与衡量成功？,后端,垂直能力>后端>硬实力>接口与协议（REST/gRPC/RPC）,B3
如果必须在两种做法中二选一来处理「接口与协议（REST/gRPC/RPC）」，你的取舍标准是什么？请用数据或准则说明。,后端,垂直能力>后端>硬实力>接口与协议（REST/gRPC/RPC）,B3
如果你来负责这块工作，围绕「接口与协议（REST/gRPC/RPC）」，你会怎么设计与验证？先讲讲REST/鉴权，再说说gRPC/版本，最后给出向后兼容与指标与机制。,后端,垂直能力>后端>硬实力>接口与协议（REST/gRPC/RPC）,B3
请你把「接口与协议（REST/gRPC/RPC）」讲给不熟悉该领域的同事听，要求：准确、可操作、并给一个最小可行示例。,后端,垂直能力>后端>硬实力>接口与协议（REST/gRPC/RPC）,B3
如果你来负责这块工作，围绕「接口与协议（REST/gRPC/RPC）」，你会怎么设计与验证？先讲讲REST/鉴权，再说说gRPC/版本，最后给出向后兼容与指标与机制。,后端,垂直能力>后端>硬实力>接口与协议（REST/gRPC/RPC）,B3
在多团队协作下推进「分布式与数据系统」时，你会如何对齐接口/口径并管理风险？请给出具体机制。,后端,垂直能力>后端>硬实力>分布式与数据系统,B1
现在给你一周时间做「分布式与数据系统」专项优化，你会如何拆分任务、设置里程碑与衡量成功？,后端,垂直能力>后端>硬实力>分布式与数据系统,B1
如果必须在两种做法中二选一来处理「分布式与数据系统」，你的取舍标准是什么？请用数据或准则说明。,后端,垂直能力>后端>硬实力>分布式与数据系统,B1
请你把「分布式与数据系统」讲给不熟悉该领域的同事听，要求：准确、可操作、并给一个最小可行示例。,后端,垂直能力>后端>硬实力>分布式与数据系统,B1
如果你来负责这块工作，围绕「分布式与数据系统」，你会怎么设计与验证？先讲讲一致性模型，再说说分片/复制，最后给出分布式事务与举例说明。,后端,垂直能力>后端>硬实力>分布式与数据系统,B1
遇到需要处理「分布式与数据系统」的真实场景时，你会如何决策？请说清楚背景、关键约束、可选方案与验证路径。,后端,垂直能力>后端>硬实力>分布式与数据系统,B1
结合你过往的项目，讲一个关于「分布式与数据系统」的具体技术案例：你做了什么、为什么这么做、结果如何、还有什么会改进？,后端,垂直能力>后端>硬实力>分布式与数据系统,B1
如果你来负责这块工作，围绕「分布式与数据系统」，你会怎么设计与验证？先讲讲一致性模型，再说说分片/复制，最后给出分布式事务与验证方式。,后端,垂直能力>后端>硬实力>分布式与数据系统,B2
假设我们线上暴露了与「分布式与数据系统」相关的隐患，你会如何组织一次快速复盘并固化改进？,后端,垂直能力>后端>硬实力>分布式与数据系统,B2
结合你过往的项目，讲一个关于「分布式与数据系统」的具体技术案例：你做了什么、为什么这么做、结果如何、还有什么会改进？,后端,垂直能力>后端>硬实力>分布式与数据系统,B2
结合你过往的项目，讲一个关于「分布式与数据系统」的具体技术案例：你做了什么、为什么这么做、结果如何、还有什么会改进？,后端,垂直能力>后端>硬实力>分布式与数据系统,B2
现在给你一周时间做「分布式与数据系统」专项优化，你会如何拆分任务、设置里程碑与衡量成功？,后端,垂直能力>后端>硬实力>分布式与数据系统,B2
如果你来负责这块工作，围绕「分布式与数据系统」，你会怎么设计与验证？先讲讲一致性模型，再说说分片/复制，最后给出分布式事务与权衡取舍。,后端,垂直能力>后端>硬实力>分布式与数据系统,B2
如果出现异常/失败，围绕「分布式与数据系统」你会如何排查与回滚？请说明触发条件、监控信号和演练频率。,后端,垂直能力>后端>硬实力>分布式与数据系统,B2
如果出现异常/失败，围绕「分布式与数据系统」你会如何排查与回滚？请说明触发条件、监控信号和演练频率。,后端,垂直能力>后端>硬实力>分布式与数据系统,B3
遇到需要处理「分布式与数据系统」的真实场景时，你会如何决策？请说清楚背景、关键约束、可选方案与验证路径。,后端,垂直能力>后端>硬实力>分布式与数据系统,B3
当外部约束（如合规/性能/成本）冲突时，你会如何在「分布式与数据系统」上达成平衡？请描述试验与评估方法。,后端,垂直能力>后端>硬实力>分布式与数据系统,B3
假设我们线上暴露了与「分布式与数据系统」相关的隐患，你会如何组织一次快速复盘并固化改进？,后端,垂直能力>后端>硬实力>分布式与数据系统,B3
结合你过往的项目，讲一个关于「分布式与数据系统」的具体技术案例：你做了什么、为什么这么做、结果如何、还有什么会改进？,后端,垂直能力>后端>硬实力>分布式与数据系统,B3
结合你过往的项目，讲一个关于「分布式与数据系统」的具体技术案例：你做了什么、为什么这么做、结果如何、还有什么会改进？,后端,垂直能力>后端>硬实力>分布式与数据系统,B3
请你把「可靠性与可观测性」讲给不熟悉该领域的同事听，要求：准确、可操作、并给一个最小可行示例。,后端,垂直能力>后端>硬实力>可靠性与可观测性,B1
结合你过往的项目，讲一个关于「可靠性与可观测性」的具体技术案例：你做了什么、为什么这么做、结果如何、还有什么会改进？,后端,垂直能力>后端>硬实力>可靠性与可观测性,B1
在多团队协作下推进「可靠性与可观测性」时，你会如何对齐接口/口径并管理风险？请给出具体机制。,后端,垂直能力>后端>硬实力>可靠性与可观测性,B1
如果出现异常/失败，围绕「可靠性与可观测性」你会如何排查与回滚？请说明触发条件、监控信号和演练频率。,后端,垂直能力>后端>硬实力>可靠性与可观测性,B1
结合你过往的项目，讲一个关于「可靠性与可观测性」的具体技术案例：你做了什么、为什么这么做、结果如何、还有什么会改进？,后端,垂直能力>后端>硬实力>可靠性与可观测性,B1
遇到需要处理「可靠性与可观测性」的真实场景时，你会如何决策？请说清楚背景、关键约束、可选方案与验证路径。,后端,垂直能力>后端>硬实力>可靠性与可观测性,B1
如果你来负责这块工作，围绕「可靠性与可观测性」，你会怎么设计与验证？先讲讲SLO/错误预算，再说说监控/告警，最后给出混沌演练与常见做法。,后端,垂直能力>后端>硬实力>可靠性与可观测性,B1
如果出现异常/失败，围绕「可靠性与可观测性」你会如何排查与回滚？请说明触发条件、监控信号和演练频率。,后端,垂直能力>后端>硬实力>可靠性与可观测性,B2
如果必须在两种做法中二选一来处理「可靠性与可观测性」，你的取舍标准是什么？请用数据或准则说明。,后端,垂直能力>后端>硬实力>可靠性与可观测性,B2
现在给你一周时间做「可靠性与可观测性」专项优化，你会如何拆分任务、设置里程碑与衡量成功？,后端,垂直能力>后端>硬实力>可靠性与可观测性,B2
如果出现异常/失败，围绕「可靠性与可观测性」你会如何排查与回滚？请说明触发条件、监控信号和演练频率。,后端,垂直能力>后端>硬实力>可靠性与可观测性,B2
如果出现异常/失败，围绕「可靠性与可观测性」你会如何排查与回滚？请说明触发条件、监控信号和演练频率。,后端,垂直能力>后端>硬实力>可靠性与可观测性,B2
在多团队协作下推进「可靠性与可观测性」时，你会如何对齐接口/口径并管理风险？请给出具体机制。,后端,垂直能力>后端>硬实力>可靠性与可观测性,B2
遇到需要处理「可靠性与可观测性」的真实场景时，你会如何决策？请说清楚背景、关键约束、可选方案与验证路径。,后端,垂直能力>后端>硬实力>可靠性与可观测性,B2
在多团队协作下推进「可靠性与可观测性」时，你会如何对齐接口/口径并管理风险？请给出具体机制。,后端,垂直能力>后端>硬实力>可靠性与可观测性,B3
当外部约束（如合规/性能/成本）冲突时，你会如何在「可靠性与可观测性」上达成平衡？请描述试验与评估方法。,后端,垂直能力>后端>硬实力>可靠性与可观测性,B3
当外部约束（如合规/性能/成本）冲突时，你会如何在「可靠性与可观测性」上达成平衡？请描述试验与评估方法。,后端,垂直能力>后端>硬实力>可靠性与可观测性,B3
如果你来负责这块工作，围绕「可靠性与可观测性」，你会怎么设计与验证？先讲讲SLO/错误预算，再说说监控/告警，最后给出混沌演练与指标与机制。,后端,垂直能力>后端>硬实力>可靠性与可观测性,B3
现在给你一周时间做「可靠性与可观测性」专项优化，你会如何拆分任务、设置里程碑与衡量成功？,后端,垂直能力>后端>硬实力>可靠性与可观测性,B3
假设我们线上暴露了与「可靠性与可观测性」相关的隐患，你会如何组织一次快速复盘并固化改进？,后端,垂直能力>后端>硬实力>可靠性与可观测性,B3
如果你来负责这块工作，围绕「安全与审计」，你会怎么设计与验证？先讲讲RBAC，再说说密钥/TLS，最后给出审计/合规与常见做法。,后端,垂直能力>后端>硬实力>安全与审计,B1
假设我们线上暴露了与「安全与审计」相关的隐患，你会如何组织一次快速复盘并固化改进？,后端,垂直能力>后端>硬实力>安全与审计,B1
在多团队协作下推进「安全与审计」时，你会如何对齐接口/口径并管理风险？请给出具体机制。,后端,垂直能力>后端>硬实力>安全与审计,B1
在多团队协作下推进「安全与审计」时，你会如何对齐接口/口径并管理风险？请给出具体机制。,后端,垂直能力>后端>硬实力>安全与审计,B1
假设我们线上暴露了与「安全与审计」相关的隐患，你会如何组织一次快速复盘并固化改进？,后端,垂直能力>后端>硬实力>安全与审计,B1
遇到需要处理「安全与审计」的真实场景时，你会如何决策？请说清楚背景、关键约束、可选方案与验证路径。,后端,垂直能力>后端>硬实力>安全与审计,B1
假设我们线上暴露了与「安全与审计」相关的隐患，你会如何组织一次快速复盘并固化改进？,后端,垂直能力>后端>硬实力>安全与审计,B1
现在给你一周时间做「安全与审计」专项优化，你会如何拆分任务、设置里程碑与衡量成功？,后端,垂直能力>后端>硬实力>安全与审计,B2
请你把「安全与审计」讲给不熟悉该领域的同事听，要求：准确、可操作、并给一个最小可行示例。,后端,垂直能力>后端>硬实力>安全与审计,B2
当外部约束（如合规/性能/成本）冲突时，你会如何在「安全与审计」上达成平衡？请描述试验与评估方法。,后端,垂直能力>后端>硬实力>安全与审计,B2
如果出现异常/失败，围绕「安全与审计」你会如何排查与回滚？请说明触发条件、监控信号和演练频率。,后端,垂直能力>后端>硬实力>安全与审计,B2
请你把「安全与审计」讲给不熟悉该领域的同事听，要求：准确、可操作、并给一个最小可行示例。,后端,垂直能力>后端>硬实力>安全与审计,B2
在多团队协作下推进「安全与审计」时，你会如何对齐接口/口径并管理风险？请给出具体机制。,后端,垂直能力>后端>硬实力>安全与审计,B2
在多团队协作下推进「安全与审计」时，你会如何对齐接口/口径并管理风险？请给出具体机制。,后端,垂直能力>后端>硬实力>安全与审计,B2
遇到需要处理「安全与审计」的真实场景时，你会如何决策？请说清楚背景、关键约束、可选方案与验证路径。,后端,垂直能力>后端>硬实力>安全与审计,B3
现在给你一周时间做「安全与审计」专项优化，你会如何拆分任务、设置里程碑与衡量成功？,后端,垂直能力>后端>硬实力>安全与审计,B3
现在给你一周时间做「安全与审计」专项优化，你会如何拆分任务、设置里程碑与衡量成功？,后端,垂直能力>后端>硬实力>安全与审计,B3
请你把「安全与审计」讲给不熟悉该领域的同事听，要求：准确、可操作、并给一个最小可行示例。,后端,垂直能力>后端>硬实力>安全与审计,B3
请你把「安全与审计」讲给不熟悉该领域的同事听，要求：准确、可操作、并给一个最小可行示例。,后端,垂直能力>后端>硬实力>安全与审计,B3
现在给你一周时间做「安全与审计」专项优化，你会如何拆分任务、设置里程碑与衡量成功？,后端,垂直能力>后端>硬实力>安全与审计,B3
结合你过往的项目，讲一个关于「代码评审与接口契约」的具体技术案例：你做了什么、为什么这么做、结果如何、还有什么会改进？,后端,垂直能力>后端>软实力>代码评审与接口契约,B1
请你把「代码评审与接口契约」讲给不熟悉该领域的同事听，要求：准确、可操作、并给一个最小可行示例。,后端,垂直能力>后端>软实力>代码评审与接口契约,B1
请你把「代码评审与接口契约」讲给不熟悉该领域的同事听，要求：准确、可操作、并给一个最小可行示例。,后端,垂直能力>后端>软实力>代码评审与接口契约,B1
结合你过往的项目，讲一个关于「代码评审与接口契约」的具体技术案例：你做了什么、为什么这么做、结果如何、还有什么会改进？,后端,垂直能力>后端>软实力>代码评审与接口契约,B1
假设我们线上暴露了与「代码评审与接口契约」相关的隐患，你会如何组织一次快速复盘并固化改进？,后端,垂直能力>后端>软实力>代码评审与接口契约,B1
请你把「代码评审与接口契约」讲给不熟悉该领域的同事听，要求：准确、可操作、并给一个最小可行示例。,后端,垂直能力>后端>软实力>代码评审与接口契约,B1
如果你来负责这块工作，围绕「代码评审与接口契约」，你会怎么设计与验证？先讲讲CR规范，再说说契约测试，最后给出变更记录与举例说明。,后端,垂直能力>后端>软实力>代码评审与接口契约,B1
现在给你一周时间做「代码评审与接口契约」专项优化，你会如何拆分任务、设置里程碑与衡量成功？,后端,垂直能力>后端>软实力>代码评审与接口契约,B2
请你把「代码评审与接口契约」讲给不熟悉该领域的同事听，要求：准确、可操作、并给一个最小可行示例。,后端,垂直能力>后端>软实力>代码评审与接口契约,B2
假设我们线上暴露了与「代码评审与接口契约」相关的隐患，你会如何组织一次快速复盘并固化改进？,后端,垂直能力>后端>软实力>代码评审与接口契约,B2
在多团队协作下推进「代码评审与接口契约」时，你会如何对齐接口/口径并管理风险？请给出具体机制。,后端,垂直能力>后端>软实力>代码评审与接口契约,B2
如果必须在两种做法中二选一来处理「代码评审与接口契约」，你的取舍标准是什么？请用数据或准则说明。,后端,垂直能力>后端>软实力>代码评审与接口契约,B2
如果出现异常/失败，围绕「代码评审与接口契约」你会如何排查与回滚？请说明触发条件、监控信号和演练频率。,后端,垂直能力>后端>软实力>代码评审与接口契约,B2
如果必须在两种做法中二选一来处理「代码评审与接口契约」，你的取舍标准是什么？请用数据或准则说明。,后端,垂直能力>后端>软实力>代码评审与接口契约,B2
结合你过往的项目，讲一个关于「代码评审与接口契约」的具体技术案例：你做了什么、为什么这么做、结果如何、还有什么会改进？,后端,垂直能力>后端>软实力>代码评审与接口契约,B3
遇到需要处理「代码评审与接口契约」的真实场景时，你会如何决策？请说清楚背景、关键约束、可选方案与验证路径。,后端,垂直能力>后端>软实力>代码评审与接口契约,B3
当外部约束（如合规/性能/成本）冲突时，你会如何在「代码评审与接口契约」上达成平衡？请描述试验与评估方法。,后端,垂直能力>后端>软实力>代码评审与接口契约,B3
假设我们线上暴露了与「代码评审与接口契约」相关的隐患，你会如何组织一次快速复盘并固化改进？,后端,垂直能力>后端>软实力>代码评审与接口契约,B3
遇到需要处理「代码评审与接口契约」的真实场景时，你会如何决策？请说清楚背景、关键约束、可选方案与验证路径。,后端,垂直能力>后端>软实力>代码评审与接口契约,B3
现在给你一周时间做「代码评审与接口契约」专项优化，你会如何拆分任务、设置里程碑与衡量成功？,后端,垂直能力>后端>软实力>代码评审与接口契约,B3
如果出现异常/失败，围绕「技术债与架构决策（ADR）」你会如何排查与回滚？请说明触发条件、监控信号和演练频率。,后端,垂直能力>后端>软实力>技术债与架构决策（ADR）,B1
如果你来负责这块工作，围绕「技术债与架构决策（ADR）」，你会怎么设计与验证？先讲讲技术债台账，再说说ADR撰写，最后给出演进式架构与基础概念。,后端,垂直能力>后端>软实力>技术债与架构决策（ADR）,B1
如果出现异常/失败，围绕「技术债与架构决策（ADR）」你会如何排查与回滚？请说明触发条件、监控信号和演练频率。,后端,垂直能力>后端>软实力>技术债与架构决策（ADR）,B1
假设我们线上暴露了与「技术债与架构决策（ADR）」相关的隐患，你会如何组织一次快速复盘并固化改进？,后端,垂直能力>后端>软实力>技术债与架构决策（ADR）,B1
如果必须在两种做法中二选一来处理「技术债与架构决策（ADR）」，你的取舍标准是什么？请用数据或准则说明。,后端,垂直能力>后端>软实力>技术债与架构决策（ADR）,B1
假设我们线上暴露了与「技术债与架构决策（ADR）」相关的隐患，你会如何组织一次快速复盘并固化改进？,后端,垂直能力>后端>软实力>技术债与架构决策（ADR）,B1
请你把「技术债与架构决策（ADR）」讲给不熟悉该领域的同事听，要求：准确、可操作、并给一个最小可行示例。,后端,垂直能力>后端>软实力>技术债与架构决策（ADR）,B1
请你把「技术债与架构决策（ADR）」讲给不熟悉该领域的同事听，要求：准确、可操作、并给一个最小可行示例。,后端,垂直能力>后端>软实力>技术债与架构决策（ADR）,B2
结合你过往的项目，讲一个关于「技术债与架构决策（ADR）」的具体技术案例：你做了什么、为什么这么做、结果如何、还有什么会改进？,后端,垂直能力>后端>软实力>技术债与架构决策（ADR）,B2
如果你来负责这块工作，围绕「技术债与架构决策（ADR）」，你会怎么设计与验证？先讲讲技术债台账，再说说ADR撰写，最后给出演进式架构与验证方式。,后端,垂直能力>后端>软实力>技术债与架构决策（ADR）,B2
请你把「技术债与架构决策（ADR）」讲给不熟悉该领域的同事听，要求：准确、可操作、并给一个最小可行示例。,后端,垂直能力>后端>软实力>技术债与架构决策（ADR）,B2
结合你过往的项目，讲一个关于「技术债与架构决策（ADR）」的具体技术案例：你做了什么、为什么这么做、结果如何、还有什么会改进？,后端,垂直能力>后端>软实力>技术债与架构决策（ADR）,B2
当外部约束（如合规/性能/成本）冲突时，你会如何在「技术债与架构决策（ADR）」上达成平衡？请描述试验与评估方法。,后端,垂直能力>后端>软实力>技术债与架构决策（ADR）,B2
如果你来负责这块工作，围绕「技术债与架构决策（ADR）」，你会怎么设计与验证？先讲讲技术债台账，再说说ADR撰写，最后给出演进式架构与权衡取舍。,后端,垂直能力>后端>软实力>技术债与架构决策（ADR）,B2
如果出现异常/失败，围绕「技术债与架构决策（ADR）」你会如何排查与回滚？请说明触发条件、监控信号和演练频率。,后端,垂直能力>后端>软实力>技术债与架构决策（ADR）,B3
如果必须在两种做法中二选一来处理「技术债与架构决策（ADR）」，你的取舍标准是什么？请用数据或准则说明。,后端,垂直能力>后端>软实力>技术债与架构决策（ADR）,B3
如果必须在两种做法中二选一来处理「技术债与架构决策（ADR）」，你的取舍标准是什么？请用数据或准则说明。,后端,垂直能力>后端>软实力>技术债与架构决策（ADR）,B3
当外部约束（如合规/性能/成本）冲突时，你会如何在「技术债与架构决策（ADR）」上达成平衡？请描述试验与评估方法。,后端,垂直能力>后端>软实力>技术债与架构决策（ADR）,B3
假设我们线上暴露了与「技术债与架构决策（ADR）」相关的隐患，你会如何组织一次快速复盘并固化改进？,后端,垂直能力>后端>软实力>技术债与架构决策（ADR）,B3
如果必须在两种做法中二选一来处理「技术债与架构决策（ADR）」，你的取舍标准是什么？请用数据或准则说明。,后端,垂直能力>后端>软实力>技术债与架构决策（ADR）,B3
当外部约束（如合规/性能/成本）冲突时，你会如何在「跨服务依赖与对齐」上达成平衡？请描述试验与评估方法。,后端,垂直能力>后端>软实力>跨服务依赖与对齐,B1
当外部约束（如合规/性能/成本）冲突时，你会如何在「跨服务依赖与对齐」上达成平衡？请描述试验与评估方法。,后端,垂直能力>后端>软实力>跨服务依赖与对齐,B1
结合你过往的项目，讲一个关于「跨服务依赖与对齐」的具体技术案例：你做了什么、为什么这么做、结果如何、还有什么会改进？,后端,垂直能力>后端>软实力>跨服务依赖与对齐,B1
如果必须在两种做法中二选一来处理「跨服务依赖与对齐」，你的取舍标准是什么？请用数据或准则说明。,后端,垂直能力>后端>软实力>跨服务依赖与对齐,B1
现在给你一周时间做「跨服务依赖与对齐」专项优化，你会如何拆分任务、设置里程碑与衡量成功？,后端,垂直能力>后端>软实力>跨服务依赖与对齐,B1
现在给你一周时间做「跨服务依赖与对齐」专项优化，你会如何拆分任务、设置里程碑与衡量成功？,后端,垂直能力>后端>软实力>跨服务依赖与对齐,B1
如果必须在两种做法中二选一来处理「跨服务依赖与对齐」，你的取舍标准是什么？请用数据或准则说明。,后端,垂直能力>后端>软实力>跨服务依赖与对齐,B1
如果出现异常/失败，围绕「跨服务依赖与对齐」你会如何排查与回滚？请说明触发条件、监控信号和演练频率。,后端,垂直能力>后端>软实力>跨服务依赖与对齐,B2
如果必须在两种做法中二选一来处理「跨服务依赖与对齐」，你的取舍标准是什么？请用数据或准则说明。,后端,垂直能力>后端>软实力>跨服务依赖与对齐,B2
现在给你一周时间做「跨服务依赖与对齐」专项优化，你会如何拆分任务、设置里程碑与衡量成功？,后端,垂直能力>后端>软实力>跨服务依赖与对齐,B2
现在给你一周时间做「跨服务依赖与对齐」专项优化，你会如何拆分任务、设置里程碑与衡量成功？,后端,垂直能力>后端>软实力>跨服务依赖与对齐,B2
在多团队协作下推进「跨服务依赖与对齐」时，你会如何对齐接口/口径并管理风险？请给出具体机制。,后端,垂直能力>后端>软实力>跨服务依赖与对齐,B2
遇到需要处理「跨服务依赖与对齐」的真实场景时，你会如何决策？请说清楚背景、关键约束、可选方案与验证路径。,后端,垂直能力>后端>软实力>跨服务依赖与对齐,B2
结合你过往的项目，讲一个关于「跨服务依赖与对齐」的具体技术案例：你做了什么、为什么这么做、结果如何、还有什么会改进？,后端,垂直能力>后端>软实力>跨服务依赖与对齐,B2
请你把「跨服务依赖与对齐」讲给不熟悉该领域的同事听，要求：准确、可操作、并给一个最小可行示例。,后端,垂直能力>后端>软实力>跨服务依赖与对齐,B3
结合你过往的项目，讲一个关于「跨服务依赖与对齐」的具体技术案例：你做了什么、为什么这么做、结果如何、还有什么会改进？,后端,垂直能力>后端>软实力>跨服务依赖与对齐,B3
如果出现异常/失败，围绕「跨服务依赖与对齐」你会如何排查与回滚？请说明触发条件、监控信号和演练频率。,后端,垂直能力>后端>软实力>跨服务依赖与对齐,B3
请你把「跨服务依赖与对齐」讲给不熟悉该领域的同事听，要求：准确、可操作、并给一个最小可行示例。,后端,垂直能力>后端>软实力>跨服务依赖与对齐,B3
在多团队协作下推进「跨服务依赖与对齐」时，你会如何对齐接口/口径并管理风险？请给出具体机制。,后端,垂直能力>后端>软实力>跨服务依赖与对齐,B3
如果必须在两种做法中二选一来处理「跨服务依赖与对齐」，你的取舍标准是什么？请用数据或准则说明。,后端,垂直能力>后端>软实力>跨服务依赖与对齐,B3
如果你来负责这块工作，围绕「事故复盘与SLO文化」，你会怎么设计与验证？先讲讲Postmortem，再说说演练闭环，最后给出错误预算与常见做法。,后端,垂直能力>后端>软实力>事故复盘与SLO文化,B1
请你把「事故复盘与SLO文化」讲给不熟悉该领域的同事听，要求：准确、可操作、并给一个最小可行示例。,后端,垂直能力>后端>软实力>事故复盘与SLO文化,B1
假设我们线上暴露了与「事故复盘与SLO文化」相关的隐患，你会如何组织一次快速复盘并固化改进？,后端,垂直能力>后端>软实力>事故复盘与SLO文化,B1
如果你来负责这块工作，围绕「事故复盘与SLO文化」，你会怎么设计与验证？先讲讲Postmortem，再说说演练闭环，最后给出错误预算与举例说明。,后端,垂直能力>后端>软实力>事故复盘与SLO文化,B1
请你把「事故复盘与SLO文化」讲给不熟悉该领域的同事听，要求：准确、可操作、并给一个最小可行示例。,后端,垂直能力>后端>软实力>事故复盘与SLO文化,B1
如果你来负责这块工作，围绕「事故复盘与SLO文化」，你会怎么设计与验证？先讲讲Postmortem，再说说演练闭环，最后给出错误预算与常见做法。,后端,垂直能力>后端>软实力>事故复盘与SLO文化,B1
现在给你一周时间做「事故复盘与SLO文化」专项优化，你会如何拆分任务、设置里程碑与衡量成功？,后端,垂直能力>后端>软实力>事故复盘与SLO文化,B1
请你把「事故复盘与SLO文化」讲给不熟悉该领域的同事听，要求：准确、可操作、并给一个最小可行示例。,后端,垂直能力>后端>软实力>事故复盘与SLO文化,B2
当外部约束（如合规/性能/成本）冲突时，你会如何在「事故复盘与SLO文化」上达成平衡？请描述试验与评估方法。,后端,垂直能力>后端>软实力>事故复盘与SLO文化,B2
如果出现异常/失败，围绕「事故复盘与SLO文化」你会如何排查与回滚？请说明触发条件、监控信号和演练频率。,后端,垂直能力>后端>软实力>事故复盘与SLO文化,B2
如果出现异常/失败，围绕「事故复盘与SLO文化」你会如何排查与回滚？请说明触发条件、监控信号和演练频率。,后端,垂直能力>后端>软实力>事故复盘与SLO文化,B2
请你把「事故复盘与SLO文化」讲给不熟悉该领域的同事听，要求：准确、可操作、并给一个最小可行示例。,后端,垂直能力>后端>软实力>事故复盘与SLO文化,B2
如果你来负责这块工作，围绕「事故复盘与SLO文化」，你会怎么设计与验证？先讲讲Postmortem，再说说演练闭环，最后给出错误预算与权衡取舍。,后端,垂直能力>后端>软实力>事故复盘与SLO文化,B2
在多团队协作下推进「事故复盘与SLO文化」时，你会如何对齐接口/口径并管理风险？请给出具体机制。,后端,垂直能力>后端>软实力>事故复盘与SLO文化,B2
请你把「事故复盘与SLO文化」讲给不熟悉该领域的同事听，要求：准确、可操作、并给一个最小可行示例。,后端,垂直能力>后端>软实力>事故复盘与SLO文化,B3
结合你过往的项目，讲一个关于「事故复盘与SLO文化」的具体技术案例：你做了什么、为什么这么做、结果如何、还有什么会改进？,后端,垂直能力>后端>软实力>事故复盘与SLO文化,B3
结合你过往的项目，讲一个关于「事故复盘与SLO文化」的具体技术案例：你做了什么、为什么这么做、结果如何、还有什么会改进？,后端,垂直能力>后端>软实力>事故复盘与SLO文化,B3
当外部约束（如合规/性能/成本）冲突时，你会如何在「事故复盘与SLO文化」上达成平衡？请描述试验与评估方法。,后端,垂直能力>后端>软实力>事故复盘与SLO文化,B3
请你把「事故复盘与SLO文化」讲给不熟悉该领域的同事听，要求：准确、可操作、并给一个最小可行示例。,后端,垂直能力>后端>软实力>事故复盘与SLO文化,B3
假设我们线上暴露了与「事故复盘与SLO文化」相关的隐患，你会如何组织一次快速复盘并固化改进？,后端,垂直能力>后端>软实力>事故复盘与SLO文化,B3
如果你来负责这块工作，围绕「Web基础与工程化」，你会怎么设计与验证？先讲讲语义化，再说说工程化/构建，最后给出SSR/路由与举例说明。,前端,垂直能力>前端>硬实力>Web基础与工程化,B1
请你把「Web基础与工程化」讲给不熟悉该领域的同事听，要求：准确、可操作、并给一个最小可行示例。,前端,垂直能力>前端>硬实力>Web基础与工程化,B1
如果必须在两种做法中二选一来处理「Web基础与工程化」，你的取舍标准是什么？请用数据或准则说明。,前端,垂直能力>前端>硬实力>Web基础与工程化,B1
如果你来负责这块工作，围绕「Web基础与工程化」，你会怎么设计与验证？先讲讲语义化，再说说工程化/构建，最后给出SSR/路由与基础概念。,前端,垂直能力>前端>硬实力>Web基础与工程化,B1
请你把「Web基础与工程化」讲给不熟悉该领域的同事听，要求：准确、可操作、并给一个最小可行示例。,前端,垂直能力>前端>硬实力>Web基础与工程化,B1
如果出现异常/失败，围绕「Web基础与工程化」你会如何排查与回滚？请说明触发条件、监控信号和演练频率。,前端,垂直能力>前端>硬实力>Web基础与工程化,B1
在多团队协作下推进「Web基础与工程化」时，你会如何对齐接口/口径并管理风险？请给出具体机制。,前端,垂直能力>前端>硬实力>Web基础与工程化,B1
请你把「Web基础与工程化」讲给不熟悉该领域的同事听，要求：准确、可操作、并给一个最小可行示例。,前端,垂直能力>前端>硬实力>Web基础与工程化,B2
请你把「Web基础与工程化」讲给不熟悉该领域的同事听，要求：准确、可操作、并给一个最小可行示例。,前端,垂直能力>前端>硬实力>Web基础与工程化,B2
遇到需要处理「Web基础与工程化」的真实场景时，你会如何决策？请说清楚背景、关键约束、可选方案与验证路径。,前端,垂直能力>前端>硬实力>Web基础与工程化,B2
如果你来负责这块工作，围绕「Web基础与工程化」，你会怎么设计与验证？先讲讲语义化，再说说工程化/构建，最后给出SSR/路由与权衡取舍。,前端,垂直能力>前端>硬实力>Web基础与工程化,B2
当外部约束（如合规/性能/成本）冲突时，你会如何在「Web基础与工程化」上达成平衡？请描述试验与评估方法。,前端,垂直能力>前端>硬实力>Web基础与工程化,B2
在多团队协作下推进「Web基础与工程化」时，你会如何对齐接口/口径并管理风险？请给出具体机制。,前端,垂直能力>前端>硬实力>Web基础与工程化,B2
遇到需要处理「Web基础与工程化」的真实场景时，你会如何决策？请说清楚背景、关键约束、可选方案与验证路径。,前端,垂直能力>前端>硬实力>Web基础与工程化,B2
如果你来负责这块工作，围绕「Web基础与工程化」，你会怎么设计与验证？先讲讲语义化，再说说工程化/构建，最后给出SSR/路由与组织级经验。,前端,垂直能力>前端>硬实力>Web基础与工程化,B3
如果出现异常/失败，围绕「Web基础与工程化」你会如何排查与回滚？请说明触发条件、监控信号和演练频率。,前端,垂直能力>前端>硬实力>Web基础与工程化,B3
如果你来负责这块工作，围绕「Web基础与工程化」，你会怎么设计与验证？先讲讲语义化，再说说工程化/构建，最后给出SSR/路由与体系化治理。,前端,垂直能力>前端>硬实力>Web基础与工程化,B3
结合你过往的项目，讲一个关于「Web基础与工程化」的具体技术案例：你做了什么、为什么这么做、结果如何、还有什么会改进？,前端,垂直能力>前端>硬实力>Web基础与工程化,B3
结合你过往的项目，讲一个关于「Web基础与工程化」的具体技术案例：你做了什么、为什么这么做、结果如何、还有什么会改进？,前端,垂直能力>前端>硬实力>Web基础与工程化,B3
遇到需要处理「Web基础与工程化」的真实场景时，你会如何决策？请说清楚背景、关键约束、可选方案与验证路径。,前端,垂直能力>前端>硬实力>Web基础与工程化,B3
如果出现异常/失败，围绕「体验与可及性」你会如何排查与回滚？请说明触发条件、监控信号和演练频率。,前端,垂直能力>前端>硬实力>体验与可及性,B1
现在给你一周时间做「体验与可及性」专项优化，你会如何拆分任务、设置里程碑与衡量成功？,前端,垂直能力>前端>硬实力>体验与可及性,B1
结合你过往的项目，讲一个关于「体验与可及性」的具体技术案例：你做了什么、为什么这么做、结果如何、还有什么会改进？,前端,垂直能力>前端>硬实力>体验与可及性,B1
假设我们线上暴露了与「体验与可及性」相关的隐患，你会如何组织一次快速复盘并固化改进？,前端,垂直能力>前端>硬实力>体验与可及性,B1
遇到需要处理「体验与可及性」的真实场景时，你会如何决策？请说清楚背景、关键约束、可选方案与验证路径。,前端,垂直能力>前端>硬实力>体验与可及性,B1
现在给你一周时间做「体验与可及性」专项优化，你会如何拆分任务、设置里程碑与衡量成功？,前端,垂直能力>前端>硬实力>体验与可及性,B1
假设我们线上暴露了与「体验与可及性」相关的隐患，你会如何组织一次快速复盘并固化改进？,前端,垂直能力>前端>硬实力>体验与可及性,B1
现在给你一周时间做「体验与可及性」专项优化，你会如何拆分任务、设置里程碑与衡量成功？,前端,垂直能力>前端>硬实力>体验与可及性,B2
请你把「体验与可及性」讲给不熟悉该领域的同事听，要求：准确、可操作、并给一个最小可行示例。,前端,垂直能力>前端>硬实力>体验与可及性,B2
如果出现异常/失败，围绕「体验与可及性」你会如何排查与回滚？请说明触发条件、监控信号和演练频率。,前端,垂直能力>前端>硬实力>体验与可及性,B2
假设我们线上暴露了与「体验与可及性」相关的隐患，你会如何组织一次快速复盘并固化改进？,前端,垂直能力>前端>硬实力>体验与可及性,B2
如果出现异常/失败，围绕「体验与可及性」你会如何排查与回滚？请说明触发条件、监控信号和演练频率。,前端,垂直能力>前端>硬实力>体验与可及性,B2
现在给你一周时间做「体验与可及性」专项优化，你会如何拆分任务、设置里程碑与衡量成功？,前端,垂直能力>前端>硬实力>体验与可及性,B2
假设我们线上暴露了与「体验与可及性」相关的隐患，你会如何组织一次快速复盘并固化改进？,前端,垂直能力>前端>硬实力>体验与可及性,B2
假设我们线上暴露了与「体验与可及性」相关的隐患，你会如何组织一次快速复盘并固化改进？,前端,垂直能力>前端>硬实力>体验与可及性,B3
在多团队协作下推进「体验与可及性」时，你会如何对齐接口/口径并管理风险？请给出具体机制。,前端,垂直能力>前端>硬实力>体验与可及性,B3
请你把「体验与可及性」讲给不熟悉该领域的同事听，要求：准确、可操作、并给一个最小可行示例。,前端,垂直能力>前端>硬实力>体验与可及性,B3
在多团队协作下推进「体验与可及性」时，你会如何对齐接口/口径并管理风险？请给出具体机制。,前端,垂直能力>前端>硬实力>体验与可及性,B3
当外部约束（如合规/性能/成本）冲突时，你会如何在「体验与可及性」上达成平衡？请描述试验与评估方法。,前端,垂直能力>前端>硬实力>体验与可及性,B3
在多团队协作下推进「体验与可及性」时，你会如何对齐接口/口径并管理风险？请给出具体机制。,前端,垂直能力>前端>硬实力>体验与可及性,B3
请你把「性能与可观测」讲给不熟悉该领域的同事听，要求：准确、可操作、并给一个最小可行示例。,前端,垂直能力>前端>硬实力>性能与可观测,B1
遇到需要处理「性能与可观测」的真实场景时，你会如何决策？请说清楚背景、关键约束、可选方案与验证路径。,前端,垂直能力>前端>硬实力>性能与可观测,B1
在多团队协作下推进「性能与可观测」时，你会如何对齐接口/口径并管理风险？请给出具体机制。,前端,垂直能力>前端>硬实力>性能与可观测,B1
如果必须在两种做法中二选一来处理「性能与可观测」，你的取舍标准是什么？请用数据或准则说明。,前端,垂直能力>前端>硬实力>性能与可观测,B1
结合你过往的项目，讲一个关于「性能与可观测」的具体技术案例：你做了什么、为什么这么做、结果如何、还有什么会改进？,前端,垂直能力>前端>硬实力>性能与可观测,B1
结合你过往的项目，讲一个关于「性能与可观测」的具体技术案例：你做了什么、为什么这么做、结果如何、还有什么会改进？,前端,垂直能力>前端>硬实力>性能与可观测,B1
当外部约束（如合规/性能/成本）冲突时，你会如何在「性能与可观测」上达成平衡？请描述试验与评估方法。,前端,垂直能力>前端>硬实力>性能与可观测,B1
现在给你一周时间做「性能与可观测」专项优化，你会如何拆分任务、设置里程碑与衡量成功？,前端,垂直能力>前端>硬实力>性能与可观测,B2
当外部约束（如合规/性能/成本）冲突时，你会如何在「性能与可观测」上达成平衡？请描述试验与评估方法。,前端,垂直能力>前端>硬实力>性能与可观测,B2
如果必须在两种做法中二选一来处理「性能与可观测」，你的取舍标准是什么？请用数据或准则说明。,前端,垂直能力>前端>硬实力>性能与可观测,B2
假设我们线上暴露了与「性能与可观测」相关的隐患，你会如何组织一次快速复盘并固化改进？,前端,垂直能力>前端>硬实力>性能与可观测,B2
在多团队协作下推进「性能与可观测」时，你会如何对齐接口/口径并管理风险？请给出具体机制。,前端,垂直能力>前端>硬实力>性能与可观测,B2
遇到需要处理「性能与可观测」的真实场景时，你会如何决策？请说清楚背景、关键约束、可选方案与验证路径。,前端,垂直能力>前端>硬实力>性能与可观测,B2
如果必须在两种做法中二选一来处理「性能与可观测」，你的取舍标准是什么？请用数据或准则说明。,前端,垂直能力>前端>硬实力>性能与可观测,B2
如果必须在两种做法中二选一来处理「性能与可观测」，你的取舍标准是什么？请用数据或准则说明。,前端,垂直能力>前端>硬实力>性能与可观测,B3
假设我们线上暴露了与「性能与可观测」相关的隐患，你会如何组织一次快速复盘并固化改进？,前端,垂直能力>前端>硬实力>性能与可观测,B3
请你把「性能与可观测」讲给不熟悉该领域的同事听，要求：准确、可操作、并给一个最小可行示例。,前端,垂直能力>前端>硬实力>性能与可观测,B3
如果你来负责这块工作，围绕「性能与可观测」，你会怎么设计与验证？先讲讲LCP/INP/CLS，再说说性能预算，最后给出监控回归与指标与机制。,前端,垂直能力>前端>硬实力>性能与可观测,B3
在多团队协作下推进「性能与可观测」时，你会如何对齐接口/口径并管理风险？请给出具体机制。,前端,垂直能力>前端>硬实力>性能与可观测,B3
如果必须在两种做法中二选一来处理「性能与可观测」，你的取舍标准是什么？请用数据或准则说明。,前端,垂直能力>前端>硬实力>性能与可观测,B3
在多团队协作下推进「前端安全」时，你会如何对齐接口/口径并管理风险？请给出具体机制。,前端,垂直能力>前端>硬实力>前端安全,B1
在多团队协作下推进「前端安全」时，你会如何对齐接口/口径并管理风险？请给出具体机制。,前端,垂直能力>前端>硬实力>前端安全,B1
假设我们线上暴露了与「前端安全」相关的隐患，你会如何组织一次快速复盘并固化改进？,前端,垂直能力>前端>硬实力>前端安全,B1
现在给你一周时间做「前端安全」专项优化，你会如何拆分任务、设置里程碑与衡量成功？,前端,垂直能力>前端>硬实力>前端安全,B1
如果你来负责这块工作，围绕「前端安全」，你会怎么设计与验证？先讲讲XSS/CSRF，再说说CSP/SameSite，最后给出依赖漏洞与举例说明。,前端,垂直能力>前端>硬实力>前端安全,B1
如果出现异常/失败，围绕「前端安全」你会如何排查与回滚？请说明触发条件、监控信号和演练频率。,前端,垂直能力>前端>硬实力>前端安全,B1
如果出现异常/失败，围绕「前端安全」你会如何排查与回滚？请说明触发条件、监控信号和演练频率。,前端,垂直能力>前端>硬实力>前端安全,B1
请你把「前端安全」讲给不熟悉该领域的同事听，要求：准确、可操作、并给一个最小可行示例。,前端,垂直能力>前端>硬实力>前端安全,B2
当外部约束（如合规/性能/成本）冲突时，你会如何在「前端安全」上达成平衡？请描述试验与评估方法。,前端,垂直能力>前端>硬实力>前端安全,B2
如果必须在两种做法中二选一来处理「前端安全」，你的取舍标准是什么？请用数据或准则说明。,前端,垂直能力>前端>硬实力>前端安全,B2
如果必须在两种做法中二选一来处理「前端安全」，你的取舍标准是什么？请用数据或准则说明。,前端,垂直能力>前端>硬实力>前端安全,B2
如果你来负责这块工作，围绕「前端安全」，你会怎么设计与验证？先讲讲XSS/CSRF，再说说CSP/SameSite，最后给出依赖漏洞与权衡取舍。,前端,垂直能力>前端>硬实力>前端安全,B2
现在给你一周时间做「前端安全」专项优化，你会如何拆分任务、设置里程碑与衡量成功？,前端,垂直能力>前端>硬实力>前端安全,B2
请你把「前端安全」讲给不熟悉该领域的同事听，要求：准确、可操作、并给一个最小可行示例。,前端,垂直能力>前端>硬实力>前端安全,B2
如果出现异常/失败，围绕「前端安全」你会如何排查与回滚？请说明触发条件、监控信号和演练频率。,前端,垂直能力>前端>硬实力>前端安全,B3
假设我们线上暴露了与「前端安全」相关的隐患，你会如何组织一次快速复盘并固化改进？,前端,垂直能力>前端>硬实力>前端安全,B3
如果必须在两种做法中二选一来处理「前端安全」，你的取舍标准是什么？请用数据或准则说明。,前端,垂直能力>前端>硬实力>前端安全,B3
当外部约束（如合规/性能/成本）冲突时，你会如何在「前端安全」上达成平衡？请描述试验与评估方法。,前端,垂直能力>前端>硬实力>前端安全,B3
请你把「前端安全」讲给不熟悉该领域的同事听，要求：准确、可操作、并给一个最小可行示例。,前端,垂直能力>前端>硬实力>前端安全,B3
当外部约束（如合规/性能/成本）冲突时，你会如何在「前端安全」上达成平衡？请描述试验与评估方法。,前端,垂直能力>前端>硬实力>前端安全,B3
在多团队协作下推进「跨角色协作与验收」时，你会如何对齐接口/口径并管理风险？请给出具体机制。,前端,垂直能力>前端>软实力>跨角色协作与验收,B1
如果必须在两种做法中二选一来处理「跨角色协作与验收」，你的取舍标准是什么？请用数据或准则说明。,前端,垂直能力>前端>软实力>跨角色协作与验收,B1
现在给你一周时间做「跨角色协作与验收」专项优化，你会如何拆分任务、设置里程碑与衡量成功？,前端,垂直能力>前端>软实力>跨角色协作与验收,B1
如果出现异常/失败，围绕「跨角色协作与验收」你会如何排查与回滚？请说明触发条件、监控信号和演练频率。,前端,垂直能力>前端>软实力>跨角色协作与验收,B1
如果出现异常/失败，围绕「跨角色协作与验收」你会如何排查与回滚？请说明触发条件、监控信号和演练频率。,前端,垂直能力>前端>软实力>跨角色协作与验收,B1
遇到需要处理「跨角色协作与验收」的真实场景时，你会如何决策？请说清楚背景、关键约束、可选方案与验证路径。,前端,垂直能力>前端>软实力>跨角色协作与验收,B1
当外部约束（如合规/性能/成本）冲突时，你会如何在「跨角色协作与验收」上达成平衡？请描述试验与评估方法。,前端,垂直能力>前端>软实力>跨角色协作与验收,B1
结合你过往的项目，讲一个关于「跨角色协作与验收」的具体技术案例：你做了什么、为什么这么做、结果如何、还有什么会改进？,前端,垂直能力>前端>软实力>跨角色协作与验收,B2
如果出现异常/失败，围绕「跨角色协作与验收」你会如何排查与回滚？请说明触发条件、监控信号和演练频率。,前端,垂直能力>前端>软实力>跨角色协作与验收,B2
如果必须在两种做法中二选一来处理「跨角色协作与验收」，你的取舍标准是什么？请用数据或准则说明。,前端,垂直能力>前端>软实力>跨角色协作与验收,B2
假设我们线上暴露了与「跨角色协作与验收」相关的隐患，你会如何组织一次快速复盘并固化改进？,前端,垂直能力>前端>软实力>跨角色协作与验收,B2
假设我们线上暴露了与「跨角色协作与验收」相关的隐患，你会如何组织一次快速复盘并固化改进？,前端,垂直能力>前端>软实力>跨角色协作与验收,B2
遇到需要处理「跨角色协作与验收」的真实场景时，你会如何决策？请说清楚背景、关键约束、可选方案与验证路径。,前端,垂直能力>前端>软实力>跨角色协作与验收,B2
现在给你一周时间做「跨角色协作与验收」专项优化，你会如何拆分任务、设置里程碑与衡量成功？,前端,垂直能力>前端>软实力>跨角色协作与验收,B2
在多团队协作下推进「跨角色协作与验收」时，你会如何对齐接口/口径并管理风险？请给出具体机制。,前端,垂直能力>前端>软实力>跨角色协作与验收,B3
现在给你一周时间做「跨角色协作与验收」专项优化，你会如何拆分任务、设置里程碑与衡量成功？,前端,垂直能力>前端>软实力>跨角色协作与验收,B3
当外部约束（如合规/性能/成本）冲突时，你会如何在「跨角色协作与验收」上达成平衡？请描述试验与评估方法。,前端,垂直能力>前端>软实力>跨角色协作与验收,B3
现在给你一周时间做「跨角色协作与验收」专项优化，你会如何拆分任务、设置里程碑与衡量成功？,前端,垂直能力>前端>软实力>跨角色协作与验收,B3
如果你来负责这块工作，围绕「跨角色协作与验收」，你会怎么设计与验证？先讲讲交互验收，再说说界面契约，最后给出评审机制与体系化治理。,前端,垂直能力>前端>软实力>跨角色协作与验收,B3
现在给你一周时间做「跨角色协作与验收」专项优化，你会如何拆分任务、设置里程碑与衡量成功？,前端,垂直能力>前端>软实力>跨角色协作与验收,B3
结合你过往的项目，讲一个关于「原型验证与取舍」的具体技术案例：你做了什么、为什么这么做、结果如何、还有什么会改进？,前端,垂直能力>前端>软实力>原型验证与取舍,B1
如果必须在两种做法中二选一来处理「原型验证与取舍」，你的取舍标准是什么？请用数据或准则说明。,前端,垂直能力>前端>软实力>原型验证与取舍,B1
如果你来负责这块工作，围绕「原型验证与取舍」，你会怎么设计与验证？先讲讲快速原型，再说说假设-实验，最后给出上线路径与基础概念。,前端,垂直能力>前端>软实力>原型验证与取舍,B1
现在给你一周时间做「原型验证与取舍」专项优化，你会如何拆分任务、设置里程碑与衡量成功？,前端,垂直能力>前端>软实力>原型验证与取舍,B1
如果必须在两种做法中二选一来处理「原型验证与取舍」，你的取舍标准是什么？请用数据或准则说明。,前端,垂直能力>前端>软实力>原型验证与取舍,B1
在多团队协作下推进「原型验证与取舍」时，你会如何对齐接口/口径并管理风险？请给出具体机制。,前端,垂直能力>前端>软实力>原型验证与取舍,B1
如果你来负责这块工作，围绕「原型验证与取舍」，你会怎么设计与验证？先讲讲快速原型，再说说假设-实验，最后给出上线路径与基础概念。,前端,垂直能力>前端>软实力>原型验证与取舍,B1
如果必须在两种做法中二选一来处理「原型验证与取舍」，你的取舍标准是什么？请用数据或准则说明。,前端,垂直能力>前端>软实力>原型验证与取舍,B2
遇到需要处理「原型验证与取舍」的真实场景时，你会如何决策？请说清楚背景、关键约束、可选方案与验证路径。,前端,垂直能力>前端>软实力>原型验证与取舍,B2
如果必须在两种做法中二选一来处理「原型验证与取舍」，你的取舍标准是什么？请用数据或准则说明。,前端,垂直能力>前端>软实力>原型验证与取舍,B2
假设我们线上暴露了与「原型验证与取舍」相关的隐患，你会如何组织一次快速复盘并固化改进？,前端,垂直能力>前端>软实力>原型验证与取舍,B2
如果你来负责这块工作，围绕「原型验证与取舍」，你会怎么设计与验证？先讲讲快速原型，再说说假设-实验，最后给出上线路径与验证方式。,前端,垂直能力>前端>软实力>原型验证与取舍,B2
结合你过往的项目，讲一个关于「原型验证与取舍」的具体技术案例：你做了什么、为什么这么做、结果如何、还有什么会改进？,前端,垂直能力>前端>软实力>原型验证与取舍,B2
现在给你一周时间做「原型验证与取舍」专项优化，你会如何拆分任务、设置里程碑与衡量成功？,前端,垂直能力>前端>软实力>原型验证与取舍,B2
如果出现异常/失败，围绕「原型验证与取舍」你会如何排查与回滚？请说明触发条件、监控信号和演练频率。,前端,垂直能力>前端>软实力>原型验证与取舍,B3
当外部约束（如合规/性能/成本）冲突时，你会如何在「原型验证与取舍」上达成平衡？请描述试验与评估方法。,前端,垂直能力>前端>软实力>原型验证与取舍,B3
假设我们线上暴露了与「原型验证与取舍」相关的隐患，你会如何组织一次快速复盘并固化改进？,前端,垂直能力>前端>软实力>原型验证与取舍,B3
假设我们线上暴露了与「原型验证与取舍」相关的隐患，你会如何组织一次快速复盘并固化改进？,前端,垂直能力>前端>软实力>原型验证与取舍,B3
当外部约束（如合规/性能/成本）冲突时，你会如何在「原型验证与取舍」上达成平衡？请描述试验与评估方法。,前端,垂直能力>前端>软实力>原型验证与取舍,B3
如果必须在两种做法中二选一来处理「原型验证与取舍」，你的取舍标准是什么？请用数据或准则说明。,前端,垂直能力>前端>软实力>原型验证与取舍,B3
现在给你一周时间做「设计系统与规范推进」专项优化，你会如何拆分任务、设置里程碑与衡量成功？,前端,垂直能力>前端>软实力>设计系统与规范推进,B1
请你把「设计系统与规范推进」讲给不熟悉该领域的同事听，要求：准确、可操作、并给一个最小可行示例。,前端,垂直能力>前端>软实力>设计系统与规范推进,B1
假设我们线上暴露了与「设计系统与规范推进」相关的隐患，你会如何组织一次快速复盘并固化改进？,前端,垂直能力>前端>软实力>设计系统与规范推进,B1
如果你来负责这块工作，围绕「设计系统与规范推进」，你会怎么设计与验证？先讲讲组件库，再说说命名规范，最后给出可及性基线与举例说明。,前端,垂直能力>前端>软实力>设计系统与规范推进,B1
遇到需要处理「设计系统与规范推进」的真实场景时，你会如何决策？请说清楚背景、关键约束、可选方案与验证路径。,前端,垂直能力>前端>软实力>设计系统与规范推进,B1
如果出现异常/失败，围绕「设计系统与规范推进」你会如何排查与回滚？请说明触发条件、监控信号和演练频率。,前端,垂直能力>前端>软实力>设计系统与规范推进,B1
遇到需要处理「设计系统与规范推进」的真实场景时，你会如何决策？请说清楚背景、关键约束、可选方案与验证路径。,前端,垂直能力>前端>软实力>设计系统与规范推进,B1
如果出现异常/失败，围绕「设计系统与规范推进」你会如何排查与回滚？请说明触发条件、监控信号和演练频率。,前端,垂直能力>前端>软实力>设计系统与规范推进,B2
当外部约束（如合规/性能/成本）冲突时，你会如何在「设计系统与规范推进」上达成平衡？请描述试验与评估方法。,前端,垂直能力>前端>软实力>设计系统与规范推进,B2
结合你过往的项目，讲一个关于「设计系统与规范推进」的具体技术案例：你做了什么、为什么这么做、结果如何、还有什么会改进？,前端,垂直能力>前端>软实力>设计系统与规范推进,B2
请你把「设计系统与规范推进」讲给不熟悉该领域的同事听，要求：准确、可操作、并给一个最小可行示例。,前端,垂直能力>前端>软实力>设计系统与规范推进,B2
假设我们线上暴露了与「设计系统与规范推进」相关的隐患，你会如何组织一次快速复盘并固化改进？,前端,垂直能力>前端>软实力>设计系统与规范推进,B2
现在给你一周时间做「设计系统与规范推进」专项优化，你会如何拆分任务、设置里程碑与衡量成功？,前端,垂直能力>前端>软实力>设计系统与规范推进,B2
如果出现异常/失败，围绕「设计系统与规范推进」你会如何排查与回滚？请说明触发条件、监控信号和演练频率。,前端,垂直能力>前端>软实力>设计系统与规范推进,B2
现在给你一周时间做「设计系统与规范推进」专项优化，你会如何拆分任务、设置里程碑与衡量成功？,前端,垂直能力>前端>软实力>设计系统与规范推进,B3
如果必须在两种做法中二选一来处理「设计系统与规范推进」，你的取舍标准是什么？请用数据或准则说明。,前端,垂直能力>前端>软实力>设计系统与规范推进,B3
如果出现异常/失败，围绕「设计系统与规范推进」你会如何排查与回滚？请说明触发条件、监控信号和演练频率。,前端,垂直能力>前端>软实力>设计系统与规范推进,B3
假设我们线上暴露了与「设计系统与规范推进」相关的隐患，你会如何组织一次快速复盘并固化改进？,前端,垂直能力>前端>软实力>设计系统与规范推进,B3
如果出现异常/失败，围绕「设计系统与规范推进」你会如何排查与回滚？请说明触发条件、监控信号和演练频率。,前端,垂直能力>前端>软实力>设计系统与规范推进,B3
遇到需要处理「设计系统与规范推进」的真实场景时，你会如何决策？请说清楚背景、关键约束、可选方案与验证路径。,前端,垂直能力>前端>软实力>设计系统与规范推进,B3
如果出现异常/失败，围绕「统计与学习」你会如何排查与回滚？请说明触发条件、监控信号和演练频率。,算法,垂直能力>算法/AI/数据>硬实力>统计与学习,B1
结合你过往的项目，讲一个关于「统计与学习」的具体技术案例：你做了什么、为什么这么做、结果如何、还有什么会改进？,算法,垂直能力>算法/AI/数据>硬实力>统计与学习,B1
结合你过往的项目，讲一个关于「统计与学习」的具体技术案例：你做了什么、为什么这么做、结果如何、还有什么会改进？,算法,垂直能力>算法/AI/数据>硬实力>统计与学习,B1
如果你来负责这块工作，围绕「统计与学习」，你会怎么设计与验证？先讲讲偏差-方差，再说说正则化/优化，最后给出评估指标与基础概念。,算法,垂直能力>算法/AI/数据>硬实力>统计与学习,B1
现在给你一周时间做「统计与学习」专项优化，你会如何拆分任务、设置里程碑与衡量成功？,算法,垂直能力>算法/AI/数据>硬实力>统计与学习,B1
假设我们线上暴露了与「统计与学习」相关的隐患，你会如何组织一次快速复盘并固化改进？,算法,垂直能力>算法/AI/数据>硬实力>统计与学习,B1
如果必须在两种做法中二选一来处理「统计与学习」，你的取舍标准是什么？请用数据或准则说明。,算法,垂直能力>算法/AI/数据>硬实力>统计与学习,B1
如果必须在两种做法中二选一来处理「统计与学习」，你的取舍标准是什么？请用数据或准则说明。,算法,垂直能力>算法/AI/数据>硬实力>统计与学习,B2
现在给你一周时间做「统计与学习」专项优化，你会如何拆分任务、设置里程碑与衡量成功？,算法,垂直能力>算法/AI/数据>硬实力>统计与学习,B2
请你把「统计与学习」讲给不熟悉该领域的同事听，要求：准确、可操作、并给一个最小可行示例。,算法,垂直能力>算法/AI/数据>硬实力>统计与学习,B2
当外部约束（如合规/性能/成本）冲突时，你会如何在「统计与学习」上达成平衡？请描述试验与评估方法。,算法,垂直能力>算法/AI/数据>硬实力>统计与学习,B2
如果必须在两种做法中二选一来处理「统计与学习」，你的取舍标准是什么？请用数据或准则说明。,算法,垂直能力>算法/AI/数据>硬实力>统计与学习,B2
遇到需要处理「统计与学习」的真实场景时，你会如何决策？请说清楚背景、关键约束、可选方案与验证路径。,算法,垂直能力>算法/AI/数据>硬实力>统计与学习,B2
如果你来负责这块工作，围绕「统计与学习」，你会怎么设计与验证？先讲讲偏差-方差，再说说正则化/优化，最后给出评估指标与验证方式。,算法,垂直能力>算法/AI/数据>硬实力>统计与学习,B2
在多团队协作下推进「统计与学习」时，你会如何对齐接口/口径并管理风险？请给出具体机制。,算法,垂直能力>算法/AI/数据>硬实力>统计与学习,B3
现在给你一周时间做「统计与学习」专项优化，你会如何拆分任务、设置里程碑与衡量成功？,算法,垂直能力>算法/AI/数据>硬实力>统计与学习,B3
遇到需要处理「统计与学习」的真实场景时，你会如何决策？请说清楚背景、关键约束、可选方案与验证路径。,算法,垂直能力>算法/AI/数据>硬实力>统计与学习,B3
假设我们线上暴露了与「统计与学习」相关的隐患，你会如何组织一次快速复盘并固化改进？,算法,垂直能力>算法/AI/数据>硬实力>统计与学习,B3
如果你来负责这块工作，围绕「统计与学习」，你会怎么设计与验证？先讲讲偏差-方差，再说说正则化/优化，最后给出评估指标与组织级经验。,算法,垂直能力>算法/AI/数据>硬实力>统计与学习,B3
现在给你一周时间做「统计与学习」专项优化，你会如何拆分任务、设置里程碑与衡量成功？,算法,垂直能力>算法/AI/数据>硬实力>统计与学习,B3
如果你来负责这块工作，围绕「数据工程与治理」，你会怎么设计与验证？先讲讲数据质量，再说说特征仓，最后给出血缘/口径与举例说明。,算法,垂直能力>算法/AI/数据>硬实力>数据工程与治理,B1
如果必须在两种做法中二选一来处理「数据工程与治理」，你的取舍标准是什么？请用数据或准则说明。,算法,垂直能力>算法/AI/数据>硬实力>数据工程与治理,B1
如果必须在两种做法中二选一来处理「数据工程与治理」，你的取舍标准是什么？请用数据或准则说明。,算法,垂直能力>算法/AI/数据>硬实力>数据工程与治理,B1
结合你过往的项目，讲一个关于「数据工程与治理」的具体技术案例：你做了什么、为什么这么做、结果如何、还有什么会改进？,算法,垂直能力>算法/AI/数据>硬实力>数据工程与治理,B1
请你把「数据工程与治理」讲给不熟悉该领域的同事听，要求：准确、可操作、并给一个最小可行示例。,算法,垂直能力>算法/AI/数据>硬实力>数据工程与治理,B1
如果必须在两种做法中二选一来处理「数据工程与治理」，你的取舍标准是什么？请用数据或准则说明。,算法,垂直能力>算法/AI/数据>硬实力>数据工程与治理,B1
如果必须在两种做法中二选一来处理「数据工程与治理」，你的取舍标准是什么？请用数据或准则说明。,算法,垂直能力>算法/AI/数据>硬实力>数据工程与治理,B1
请你把「数据工程与治理」讲给不熟悉该领域的同事听，要求：准确、可操作、并给一个最小可行示例。,算法,垂直能力>算法/AI/数据>硬实力>数据工程与治理,B2
在多团队协作下推进「数据工程与治理」时，你会如何对齐接口/口径并管理风险？请给出具体机制。,算法,垂直能力>算法/AI/数据>硬实力>数据工程与治理,B2
遇到需要处理「数据工程与治理」的真实场景时，你会如何决策？请说清楚背景、关键约束、可选方案与验证路径。,算法,垂直能力>算法/AI/数据>硬实力>数据工程与治理,B2
在多团队协作下推进「数据工程与治理」时，你会如何对齐接口/口径并管理风险？请给出具体机制。,算法,垂直能力>算法/AI/数据>硬实力>数据工程与治理,B2
如果必须在两种做法中二选一来处理「数据工程与治理」，你的取舍标准是什么？请用数据或准则说明。,算法,垂直能力>算法/AI/数据>硬实力>数据工程与治理,B2
请你把「数据工程与治理」讲给不熟悉该领域的同事听，要求：准确、可操作、并给一个最小可行示例。,算法,垂直能力>算法/AI/数据>硬实力>数据工程与治理,B2
如果你来负责这块工作，围绕「数据工程与治理」，你会怎么设计与验证？先讲讲数据质量，再说说特征仓，最后给出血缘/口径与验证方式。,算法,垂直能力>算法/AI/数据>硬实力>数据工程与治理,B2
遇到需要处理「数据工程与治理」的真实场景时，你会如何决策？请说清楚背景、关键约束、可选方案与验证路径。,算法,垂直能力>算法/AI/数据>硬实力>数据工程与治理,B3
现在给你一周时间做「数据工程与治理」专项优化，你会如何拆分任务、设置里程碑与衡量成功？,算法,垂直能力>算法/AI/数据>硬实力>数据工程与治理,B3
遇到需要处理「数据工程与治理」的真实场景时，你会如何决策？请说清楚背景、关键约束、可选方案与验证路径。,算法,垂直能力>算法/AI/数据>硬实力>数据工程与治理,B3
当外部约束（如合规/性能/成本）冲突时，你会如何在「数据工程与治理」上达成平衡？请描述试验与评估方法。,算法,垂直能力>算法/AI/数据>硬实力>数据工程与治理,B3
当外部约束（如合规/性能/成本）冲突时，你会如何在「数据工程与治理」上达成平衡？请描述试验与评估方法。,算法,垂直能力>算法/AI/数据>硬实力>数据工程与治理,B3
请你把「数据工程与治理」讲给不熟悉该领域的同事听，要求：准确、可操作、并给一个最小可行示例。,算法,垂直能力>算法/AI/数据>硬实力>数据工程与治理,B3
如果出现异常/失败，围绕「MLOps」你会如何排查与回滚？请说明触发条件、监控信号和演练频率。,算法,垂直能力>算法/AI/数据>硬实力>MLOps,B1
在多团队协作下推进「MLOps」时，你会如何对齐接口/口径并管理风险？请给出具体机制。,算法,垂直能力>算法/AI/数据>硬实力>MLOps,B1
如果必须在两种做法中二选一来处理「MLOps」，你的取舍标准是什么？请用数据或准则说明。,算法,垂直能力>算法/AI/数据>硬实力>MLOps,B1
如果必须在两种做法中二选一来处理「MLOps」，你的取舍标准是什么？请用数据或准则说明。,算法,垂直能力>算法/AI/数据>硬实力>MLOps,B1
如果出现异常/失败，围绕「MLOps」你会如何排查与回滚？请说明触发条件、监控信号和演练频率。,算法,垂直能力>算法/AI/数据>硬实力>MLOps,B1
当外部约束（如合规/性能/成本）冲突时，你会如何在「MLOps」上达成平衡？请描述试验与评估方法。,算法,垂直能力>算法/AI/数据>硬实力>MLOps,B1
现在给你一周时间做「MLOps」专项优化，你会如何拆分任务、设置里程碑与衡量成功？,算法,垂直能力>算法/AI/数据>硬实力>MLOps,B1
如果必须在两种做法中二选一来处理「MLOps」，你的取舍标准是什么？请用数据或准则说明。,算法,垂直能力>算法/AI/数据>硬实力>MLOps,B2
如果你来负责这块工作，围绕「MLOps」，你会怎么设计与验证？先讲讲离线-在线一致性，再说说漂移监控，最后给出灰度回滚与方案设计。,算法,垂直能力>算法/AI/数据>硬实力>MLOps,B2
假设我们线上暴露了与「MLOps」相关的隐患，你会如何组织一次快速复盘并固化改进？,算法,垂直能力>算法/AI/数据>硬实力>MLOps,B2
结合你过往的项目，讲一个关于「MLOps」的具体技术案例：你做了什么、为什么这么做、结果如何、还有什么会改进？,算法,垂直能力>算法/AI/数据>硬实力>MLOps,B2
当外部约束（如合规/性能/成本）冲突时，你会如何在「MLOps」上达成平衡？请描述试验与评估方法。,算法,垂直能力>算法/AI/数据>硬实力>MLOps,B2
当外部约束（如合规/性能/成本）冲突时，你会如何在「MLOps」上达成平衡？请描述试验与评估方法。,算法,垂直能力>算法/AI/数据>硬实力>MLOps,B2
遇到需要处理「MLOps」的真实场景时，你会如何决策？请说清楚背景、关键约束、可选方案与验证路径。,算法,垂直能力>算法/AI/数据>硬实力>MLOps,B2
遇到需要处理「MLOps」的真实场景时，你会如何决策？请说清楚背景、关键约束、可选方案与验证路径。,算法,垂直能力>算法/AI/数据>硬实力>MLOps,B3
遇到需要处理「MLOps」的真实场景时，你会如何决策？请说清楚背景、关键约束、可选方案与验证路径。,算法,垂直能力>算法/AI/数据>硬实力>MLOps,B3
结合你过往的项目，讲一个关于「MLOps」的具体技术案例：你做了什么、为什么这么做、结果如何、还有什么会改进？,算法,垂直能力>算法/AI/数据>硬实力>MLOps,B3
现在给你一周时间做「MLOps」专项优化，你会如何拆分任务、设置里程碑与衡量成功？,算法,垂直能力>算法/AI/数据>硬实力>MLOps,B3
现在给你一周时间做「MLOps」专项优化，你会如何拆分任务、设置里程碑与衡量成功？,算法,垂直能力>算法/AI/数据>硬实力>MLOps,B3
如果必须在两种做法中二选一来处理「MLOps」，你的取舍标准是什么？请用数据或准则说明。,算法,垂直能力>算法/AI/数据>硬实力>MLOps,B3
如果出现异常/失败，围绕「负责任AI」你会如何排查与回滚？请说明触发条件、监控信号和演练频率。,算法,垂直能力>算法/AI/数据>硬实力>负责任AI,B1
当外部约束（如合规/性能/成本）冲突时，你会如何在「负责任AI」上达成平衡？请描述试验与评估方法。,算法,垂直能力>算法/AI/数据>硬实力>负责任AI,B1
请你把「负责任AI」讲给不熟悉该领域的同事听，要求：准确、可操作、并给一个最小可行示例。,算法,垂直能力>算法/AI/数据>硬实力>负责任AI,B1
假设我们线上暴露了与「负责任AI」相关的隐患，你会如何组织一次快速复盘并固化改进？,算法,垂直能力>算法/AI/数据>硬实力>负责任AI,B1
结合你过往的项目，讲一个关于「负责任AI」的具体技术案例：你做了什么、为什么这么做、结果如何、还有什么会改进？,算法,垂直能力>算法/AI/数据>硬实力>负责任AI,B1
现在给你一周时间做「负责任AI」专项优化，你会如何拆分任务、设置里程碑与衡量成功？,算法,垂直能力>算法/AI/数据>硬实力>负责任AI,B1
在多团队协作下推进「负责任AI」时，你会如何对齐接口/口径并管理风险？请给出具体机制。,算法,垂直能力>算法/AI/数据>硬实力>负责任AI,B1
现在给你一周时间做「负责任AI」专项优化，你会如何拆分任务、设置里程碑与衡量成功？,算法,垂直能力>算法/AI/数据>硬实力>负责任AI,B2
现在给你一周时间做「负责任AI」专项优化，你会如何拆分任务、设置里程碑与衡量成功？,算法,垂直能力>算法/AI/数据>硬实力>负责任AI,B2
现在给你一周时间做「负责任AI」专项优化，你会如何拆分任务、设置里程碑与衡量成功？,算法,垂直能力>算法/AI/数据>硬实力>负责任AI,B2
假设我们线上暴露了与「负责任AI」相关的隐患，你会如何组织一次快速复盘并固化改进？,算法,垂直能力>算法/AI/数据>硬实力>负责任AI,B2
如果必须在两种做法中二选一来处理「负责任AI」，你的取舍标准是什么？请用数据或准则说明。,算法,垂直能力>算法/AI/数据>硬实力>负责任AI,B2
如果必须在两种做法中二选一来处理「负责任AI」，你的取舍标准是什么？请用数据或准则说明。,算法,垂直能力>算法/AI/数据>硬实力>负责任AI,B2
如果必须在两种做法中二选一来处理「负责任AI」，你的取舍标准是什么？请用数据或准则说明。,算法,垂直能力>算法/AI/数据>硬实力>负责任AI,B2
在多团队协作下推进「负责任AI」时，你会如何对齐接口/口径并管理风险？请给出具体机制。,算法,垂直能力>算法/AI/数据>硬实力>负责任AI,B3
当外部约束（如合规/性能/成本）冲突时，你会如何在「负责任AI」上达成平衡？请描述试验与评估方法。,算法,垂直能力>算法/AI/数据>硬实力>负责任AI,B3
如果必须在两种做法中二选一来处理「负责任AI」，你的取舍标准是什么？请用数据或准则说明。,算法,垂直能力>算法/AI/数据>硬实力>负责任AI,B3
如果出现异常/失败，围绕「负责任AI」你会如何排查与回滚？请说明触发条件、监控信号和演练频率。,算法,垂直能力>算法/AI/数据>硬实力>负责任AI,B3
如果出现异常/失败，围绕「负责任AI」你会如何排查与回滚？请说明触发条件、监控信号和演练频率。,算法,垂直能力>算法/AI/数据>硬实力>负责任AI,B3
请你把「负责任AI」讲给不熟悉该领域的同事听，要求：准确、可操作、并给一个最小可行示例。,算法,垂直能力>算法/AI/数据>硬实力>负责任AI,B3
请你把「问题定义与指标沟通」讲给不熟悉该领域的同事听，要求：准确、可操作、并给一个最小可行示例。,算法,垂直能力>算法/AI/数据>软实力>问题定义与指标沟通,B1
在多团队协作下推进「问题定义与指标沟通」时，你会如何对齐接口/口径并管理风险？请给出具体机制。,算法,垂直能力>算法/AI/数据>软实力>问题定义与指标沟通,B1
如果必须在两种做法中二选一来处理「问题定义与指标沟通」，你的取舍标准是什么？请用数据或准则说明。,算法,垂直能力>算法/AI/数据>软实力>问题定义与指标沟通,B1
请你把「问题定义与指标沟通」讲给不熟悉该领域的同事听，要求：准确、可操作、并给一个最小可行示例。,算法,垂直能力>算法/AI/数据>软实力>问题定义与指标沟通,B1
结合你过往的项目，讲一个关于「问题定义与指标沟通」的具体技术案例：你做了什么、为什么这么做、结果如何、还有什么会改进？,算法,垂直能力>算法/AI/数据>软实力>问题定义与指标沟通,B1
如果你来负责这块工作，围绕「问题定义与指标沟通」，你会怎么设计与验证？先讲讲任务表述，再说说成功标准，最后给出口径一致与常见做法。,算法,垂直能力>算法/AI/数据>软实力>问题定义与指标沟通,B1
当外部约束（如合规/性能/成本）冲突时，你会如何在「问题定义与指标沟通」上达成平衡？请描述试验与评估方法。,算法,垂直能力>算法/AI/数据>软实力>问题定义与指标沟通,B1
在多团队协作下推进「问题定义与指标沟通」时，你会如何对齐接口/口径并管理风险？请给出具体机制。,算法,垂直能力>算法/AI/数据>软实力>问题定义与指标沟通,B2
如果必须在两种做法中二选一来处理「问题定义与指标沟通」，你的取舍标准是什么？请用数据或准则说明。,算法,垂直能力>算法/AI/数据>软实力>问题定义与指标沟通,B2
当外部约束（如合规/性能/成本）冲突时，你会如何在「问题定义与指标沟通」上达成平衡？请描述试验与评估方法。,算法,垂直能力>算法/AI/数据>软实力>问题定义与指标沟通,B2
如果你来负责这块工作，围绕「问题定义与指标沟通」，你会怎么设计与验证？先讲讲任务表述，再说说成功标准，最后给出口径一致与权衡取舍。,算法,垂直能力>算法/AI/数据>软实力>问题定义与指标沟通,B2
结合你过往的项目，讲一个关于「问题定义与指标沟通」的具体技术案例：你做了什么、为什么这么做、结果如何、还有什么会改进？,算法,垂直能力>算法/AI/数据>软实力>问题定义与指标沟通,B2
结合你过往的项目，讲一个关于「问题定义与指标沟通」的具体技术案例：你做了什么、为什么这么做、结果如何、还有什么会改进？,算法,垂直能力>算法/AI/数据>软实力>问题定义与指标沟通,B2
如果必须在两种做法中二选一来处理「问题定义与指标沟通」，你的取舍标准是什么？请用数据或准则说明。,算法,垂直能力>算法/AI/数据>软实力>问题定义与指标沟通,B2
在多团队协作下推进「问题定义与指标沟通」时，你会如何对齐接口/口径并管理风险？请给出具体机制。,算法,垂直能力>算法/AI/数据>软实力>问题定义与指标沟通,B3
请你把「问题定义与指标沟通」讲给不熟悉该领域的同事听，要求：准确、可操作、并给一个最小可行示例。,算法,垂直能力>算法/AI/数据>软实力>问题定义与指标沟通,B3
遇到需要处理「问题定义与指标沟通」的真实场景时，你会如何决策？请说清楚背景、关键约束、可选方案与验证路径。,算法,垂直能力>算法/AI/数据>软实力>问题定义与指标沟通,B3
当外部约束（如合规/性能/成本）冲突时，你会如何在「问题定义与指标沟通」上达成平衡？请描述试验与评估方法。,算法,垂直能力>算法/AI/数据>软实力>问题定义与指标沟通,B3
在多团队协作下推进「问题定义与指标沟通」时，你会如何对齐接口/口径并管理风险？请给出具体机制。,算法,垂直能力>算法/AI/数据>软实力>问题定义与指标沟通,B3
如果必须在两种做法中二选一来处理「问题定义与指标沟通」，你的取舍标准是什么？请用数据或准则说明。,算法,垂直能力>算法/AI/数据>软实力>问题定义与指标沟通,B3
如果你来负责这块工作，围绕「实验可复现与一致性对齐」，你会怎么设计与验证？先讲讲随机种子，再说说版本管理，最后给出影子流量/回放与举例说明。,算法,垂直能力>算法/AI/数据>软实力>实验可复现与一致性对齐,B1
遇到需要处理「实验可复现与一致性对齐」的真实场景时，你会如何决策？请说清楚背景、关键约束、可选方案与验证路径。,算法,垂直能力>算法/AI/数据>软实力>实验可复现与一致性对齐,B1
现在给你一周时间做「实验可复现与一致性对齐」专项优化，你会如何拆分任务、设置里程碑与衡量成功？,算法,垂直能力>算法/AI/数据>软实力>实验可复现与一致性对齐,B1
遇到需要处理「实验可复现与一致性对齐」的真实场景时，你会如何决策？请说清楚背景、关键约束、可选方案与验证路径。,算法,垂直能力>算法/AI/数据>软实力>实验可复现与一致性对齐,B1
遇到需要处理「实验可复现与一致性对齐」的真实场景时，你会如何决策？请说清楚背景、关键约束、可选方案与验证路径。,算法,垂直能力>算法/AI/数据>软实力>实验可复现与一致性对齐,B1
遇到需要处理「实验可复现与一致性对齐」的真实场景时，你会如何决策？请说清楚背景、关键约束、可选方案与验证路径。,算法,垂直能力>算法/AI/数据>软实力>实验可复现与一致性对齐,B1
结合你过往的项目，讲一个关于「实验可复现与一致性对齐」的具体技术案例：你做了什么、为什么这么做、结果如何、还有什么会改进？,算法,垂直能力>算法/AI/数据>软实力>实验可复现与一致性对齐,B1
现在给你一周时间做「实验可复现与一致性对齐」专项优化，你会如何拆分任务、设置里程碑与衡量成功？,算法,垂直能力>算法/AI/数据>软实力>实验可复现与一致性对齐,B2
如果你来负责这块工作，围绕「实验可复现与一致性对齐」，你会怎么设计与验证？先讲讲随机种子，再说说版本管理，最后给出影子流量/回放与方案设计。,算法,垂直能力>算法/AI/数据>软实力>实验可复现与一致性对齐,B2
如果你来负责这块工作，围绕「实验可复现与一致性对齐」，你会怎么设计与验证？先讲讲随机种子，再说说版本管理，最后给出影子流量/回放与权衡取舍。,算法,垂直能力>算法/AI/数据>软实力>实验可复现与一致性对齐,B2
在多团队协作下推进「实验可复现与一致性对齐」时，你会如何对齐接口/口径并管理风险？请给出具体机制。,算法,垂直能力>算法/AI/数据>软实力>实验可复现与一致性对齐,B2
请你把「实验可复现与一致性对齐」讲给不熟悉该领域的同事听，要求：准确、可操作、并给一个最小可行示例。,算法,垂直能力>算法/AI/数据>软实力>实验可复现与一致性对齐,B2
如果出现异常/失败，围绕「实验可复现与一致性对齐」你会如何排查与回滚？请说明触发条件、监控信号和演练频率。,算法,垂直能力>算法/AI/数据>软实力>实验可复现与一致性对齐,B2
请你把「实验可复现与一致性对齐」讲给不熟悉该领域的同事听，要求：准确、可操作、并给一个最小可行示例。,算法,垂直能力>算法/AI/数据>软实力>实验可复现与一致性对齐,B2
结合你过往的项目，讲一个关于「实验可复现与一致性对齐」的具体技术案例：你做了什么、为什么这么做、结果如何、还有什么会改进？,算法,垂直能力>算法/AI/数据>软实力>实验可复现与一致性对齐,B3
结合你过往的项目，讲一个关于「实验可复现与一致性对齐」的具体技术案例：你做了什么、为什么这么做、结果如何、还有什么会改进？,算法,垂直能力>算法/AI/数据>软实力>实验可复现与一致性对齐,B3
假设我们线上暴露了与「实验可复现与一致性对齐」相关的隐患，你会如何组织一次快速复盘并固化改进？,算法,垂直能力>算法/AI/数据>软实力>实验可复现与一致性对齐,B3
假设我们线上暴露了与「实验可复现与一致性对齐」相关的隐患，你会如何组织一次快速复盘并固化改进？,算法,垂直能力>算法/AI/数据>软实力>实验可复现与一致性对齐,B3
如果出现异常/失败，围绕「实验可复现与一致性对齐」你会如何排查与回滚？请说明触发条件、监控信号和演练频率。,算法,垂直能力>算法/AI/数据>软实力>实验可复现与一致性对齐,B3
假设我们线上暴露了与「实验可复现与一致性对齐」相关的隐患，你会如何组织一次快速复盘并固化改进？,算法,垂直能力>算法/AI/数据>软实力>实验可复现与一致性对齐,B3
如果出现异常/失败，围绕「风险/合规沟通与路线设定」你会如何排查与回滚？请说明触发条件、监控信号和演练频率。,算法,垂直能力>算法/AI/数据>软实力>风险/合规沟通与路线设定,B1
现在给你一周时间做「风险/合规沟通与路线设定」专项优化，你会如何拆分任务、设置里程碑与衡量成功？,算法,垂直能力>算法/AI/数据>软实力>风险/合规沟通与路线设定,B1
现在给你一周时间做「风险/合规沟通与路线设定」专项优化，你会如何拆分任务、设置里程碑与衡量成功？,算法,垂直能力>算法/AI/数据>软实力>风险/合规沟通与路线设定,B1
如果你来负责这块工作，围绕「风险/合规沟通与路线设定」，你会怎么设计与验证？先讲讲法务对齐，再说说风险评审，最后给出路线与里程碑与举例说明。,算法,垂直能力>算法/AI/数据>软实力>风险/合规沟通与路线设定,B1
现在给你一周时间做「风险/合规沟通与路线设定」专项优化，你会如何拆分任务、设置里程碑与衡量成功？,算法,垂直能力>算法/AI/数据>软实力>风险/合规沟通与路线设定,B1
当外部约束（如合规/性能/成本）冲突时，你会如何在「风险/合规沟通与路线设定」上达成平衡？请描述试验与评估方法。,算法,垂直能力>算法/AI/数据>软实力>风险/合规沟通与路线设定,B1
遇到需要处理「风险/合规沟通与路线设定」的真实场景时，你会如何决策？请说清楚背景、关键约束、可选方案与验证路径。,算法,垂直能力>算法/AI/数据>软实力>风险/合规沟通与路线设定,B1
在多团队协作下推进「风险/合规沟通与路线设定」时，你会如何对齐接口/口径并管理风险？请给出具体机制。,算法,垂直能力>算法/AI/数据>软实力>风险/合规沟通与路线设定,B2
现在给你一周时间做「风险/合规沟通与路线设定」专项优化，你会如何拆分任务、设置里程碑与衡量成功？,算法,垂直能力>算法/AI/数据>软实力>风险/合规沟通与路线设定,B2
请你把「风险/合规沟通与路线设定」讲给不熟悉该领域的同事听，要求：准确、可操作、并给一个最小可行示例。,算法,垂直能力>算法/AI/数据>软实力>风险/合规沟通与路线设定,B2
现在给你一周时间做「风险/合规沟通与路线设定」专项优化，你会如何拆分任务、设置里程碑与衡量成功？,算法,垂直能力>算法/AI/数据>软实力>风险/合规沟通与路线设定,B2
现在给你一周时间做「风险/合规沟通与路线设定」专项优化，你会如何拆分任务、设置里程碑与衡量成功？,算法,垂直能力>算法/AI/数据>软实力>风险/合规沟通与路线设定,B2
请你把「风险/合规沟通与路线设定」讲给不熟悉该领域的同事听，要求：准确、可操作、并给一个最小可行示例。,算法,垂直能力>算法/AI/数据>软实力>风险/合规沟通与路线设定,B2
遇到需要处理「风险/合规沟通与路线设定」的真实场景时，你会如何决策？请说清楚背景、关键约束、可选方案与验证路径。,算法,垂直能力>算法/AI/数据>软实力>风险/合规沟通与路线设定,B2
请你把「风险/合规沟通与路线设定」讲给不熟悉该领域的同事听，要求：准确、可操作、并给一个最小可行示例。,算法,垂直能力>算法/AI/数据>软实力>风险/合规沟通与路线设定,B3
在多团队协作下推进「风险/合规沟通与路线设定」时，你会如何对齐接口/口径并管理风险？请给出具体机制。,算法,垂直能力>算法/AI/数据>软实力>风险/合规沟通与路线设定,B3
现在给你一周时间做「风险/合规沟通与路线设定」专项优化，你会如何拆分任务、设置里程碑与衡量成功？,算法,垂直能力>算法/AI/数据>软实力>风险/合规沟通与路线设定,B3
现在给你一周时间做「风险/合规沟通与路线设定」专项优化，你会如何拆分任务、设置里程碑与衡量成功？,算法,垂直能力>算法/AI/数据>软实力>风险/合规沟通与路线设定,B3
请你把「风险/合规沟通与路线设定」讲给不熟悉该领域的同事听，要求：准确、可操作、并给一个最小可行示例。,算法,垂直能力>算法/AI/数据>软实力>风险/合规沟通与路线设定,B3
如果你来负责这块工作，围绕「风险/合规沟通与路线设定」，你会怎么设计与验证？先讲讲法务对齐，再说说风险评审，最后给出路线与里程碑与指标与机制。,算法,垂直能力>算法/AI/数据>软实力>风险/合规沟通与路线设定,B3
如果你来负责这块工作，围绕「测试设计」，你会怎么设计与验证？先讲讲等价类/边界，再说说状态迁移，最后给出充分性与举例说明。,测试,垂直能力>测试/质量>硬实力>测试设计,B1
如果必须在两种做法中二选一来处理「测试设计」，你的取舍标准是什么？请用数据或准则说明。,测试,垂直能力>测试/质量>硬实力>测试设计,B1
如果出现异常/失败，围绕「测试设计」你会如何排查与回滚？请说明触发条件、监控信号和演练频率。,测试,垂直能力>测试/质量>硬实力>测试设计,B1
在多团队协作下推进「测试设计」时，你会如何对齐接口/口径并管理风险？请给出具体机制。,测试,垂直能力>测试/质量>硬实力>测试设计,B1
如果出现异常/失败，围绕「测试设计」你会如何排查与回滚？请说明触发条件、监控信号和演练频率。,测试,垂直能力>测试/质量>硬实力>测试设计,B1
现在给你一周时间做「测试设计」专项优化，你会如何拆分任务、设置里程碑与衡量成功？,测试,垂直能力>测试/质量>硬实力>测试设计,B1
结合你过往的项目，讲一个关于「测试设计」的具体技术案例：你做了什么、为什么这么做、结果如何、还有什么会改进？,测试,垂直能力>测试/质量>硬实力>测试设计,B1
遇到需要处理「测试设计」的真实场景时，你会如何决策？请说清楚背景、关键约束、可选方案与验证路径。,测试,垂直能力>测试/质量>硬实力>测试设计,B2
如果你来负责这块工作，围绕「测试设计」，你会怎么设计与验证？先讲讲等价类/边界，再说说状态迁移，最后给出充分性与验证方式。,测试,垂直能力>测试/质量>硬实力>测试设计,B2
如果必须在两种做法中二选一来处理「测试设计」，你的取舍标准是什么？请用数据或准则说明。,测试,垂直能力>测试/质量>硬实力>测试设计,B2
假设我们线上暴露了与「测试设计」相关的隐患，你会如何组织一次快速复盘并固化改进？,测试,垂直能力>测试/质量>硬实力>测试设计,B2
结合你过往的项目，讲一个关于「测试设计」的具体技术案例：你做了什么、为什么这么做、结果如何、还有什么会改进？,测试,垂直能力>测试/质量>硬实力>测试设计,B2
现在给你一周时间做「测试设计」专项优化，你会如何拆分任务、设置里程碑与衡量成功？,测试,垂直能力>测试/质量>硬实力>测试设计,B2
请你把「测试设计」讲给不熟悉该领域的同事听，要求：准确、可操作、并给一个最小可行示例。,测试,垂直能力>测试/质量>硬实力>测试设计,B2
如果出现异常/失败，围绕「测试设计」你会如何排查与回滚？请说明触发条件、监控信号和演练频率。,测试,垂直能力>测试/质量>硬实力>测试设计,B3
当外部约束（如合规/性能/成本）冲突时，你会如何在「测试设计」上达成平衡？请描述试验与评估方法。,测试,垂直能力>测试/质量>硬实力>测试设计,B3
当外部约束（如合规/性能/成本）冲突时，你会如何在「测试设计」上达成平衡？请描述试验与评估方法。,测试,垂直能力>测试/质量>硬实力>测试设计,B3
现在给你一周时间做「测试设计」专项优化，你会如何拆分任务、设置里程碑与衡量成功？,测试,垂直能力>测试/质量>硬实力>测试设计,B3
现在给你一周时间做「测试设计」专项优化，你会如何拆分任务、设置里程碑与衡量成功？,测试,垂直能力>测试/质量>硬实力>测试设计,B3
现在给你一周时间做「测试设计」专项优化，你会如何拆分任务、设置里程碑与衡量成功？,测试,垂直能力>测试/质量>硬实力>测试设计,B3
在多团队协作下推进「自动化体系」时，你会如何对齐接口/口径并管理风险？请给出具体机制。,测试,垂直能力>测试/质量>硬实力>自动化体系,B1
如果必须在两种做法中二选一来处理「自动化体系」，你的取舍标准是什么？请用数据或准则说明。,测试,垂直能力>测试/质量>硬实力>自动化体系,B1
结合你过往的项目，讲一个关于「自动化体系」的具体技术案例：你做了什么、为什么这么做、结果如何、还有什么会改进？,测试,垂直能力>测试/质量>硬实力>自动化体系,B1
请你把「自动化体系」讲给不熟悉该领域的同事听，要求：准确、可操作、并给一个最小可行示例。,测试,垂直能力>测试/质量>硬实力>自动化体系,B1
在多团队协作下推进「自动化体系」时，你会如何对齐接口/口径并管理风险？请给出具体机制。,测试,垂直能力>测试/质量>硬实力>自动化体系,B1
请你把「自动化体系」讲给不熟悉该领域的同事听，要求：准确、可操作、并给一个最小可行示例。,测试,垂直能力>测试/质量>硬实力>自动化体系,B1
现在给你一周时间做「自动化体系」专项优化，你会如何拆分任务、设置里程碑与衡量成功？,测试,垂直能力>测试/质量>硬实力>自动化体系,B1
遇到需要处理「自动化体系」的真实场景时，你会如何决策？请说清楚背景、关键约束、可选方案与验证路径。,测试,垂直能力>测试/质量>硬实力>自动化体系,B2
在多团队协作下推进「自动化体系」时，你会如何对齐接口/口径并管理风险？请给出具体机制。,测试,垂直能力>测试/质量>硬实力>自动化体系,B2
现在给你一周时间做「自动化体系」专项优化，你会如何拆分任务、设置里程碑与衡量成功？,测试,垂直能力>测试/质量>硬实力>自动化体系,B2
请你把「自动化体系」讲给不熟悉该领域的同事听，要求：准确、可操作、并给一个最小可行示例。,测试,垂直能力>测试/质量>硬实力>自动化体系,B2
在多团队协作下推进「自动化体系」时，你会如何对齐接口/口径并管理风险？请给出具体机制。,测试,垂直能力>测试/质量>硬实力>自动化体系,B2
如果出现异常/失败，围绕「自动化体系」你会如何排查与回滚？请说明触发条件、监控信号和演练频率。,测试,垂直能力>测试/质量>硬实力>自动化体系,B2
如果你来负责这块工作，围绕「自动化体系」，你会怎么设计与验证？先讲讲契约/UI/API，再说说变异测试，最后给出Flaky治理与权衡取舍。,测试,垂直能力>测试/质量>硬实力>自动化体系,B2
当外部约束（如合规/性能/成本）冲突时，你会如何在「自动化体系」上达成平衡？请描述试验与评估方法。,测试,垂直能力>测试/质量>硬实力>自动化体系,B3
假设我们线上暴露了与「自动化体系」相关的隐患，你会如何组织一次快速复盘并固化改进？,测试,垂直能力>测试/质量>硬实力>自动化体系,B3
遇到需要处理「自动化体系」的真实场景时，你会如何决策？请说清楚背景、关键约束、可选方案与验证路径。,测试,垂直能力>测试/质量>硬实力>自动化体系,B3
如果必须在两种做法中二选一来处理「自动化体系」，你的取舍标准是什么？请用数据或准则说明。,测试,垂直能力>测试/质量>硬实力>自动化体系,B3
现在给你一周时间做「自动化体系」专项优化，你会如何拆分任务、设置里程碑与衡量成功？,测试,垂直能力>测试/质量>硬实力>自动化体系,B3
请你把「自动化体系」讲给不熟悉该领域的同事听，要求：准确、可操作、并给一个最小可行示例。,测试,垂直能力>测试/质量>硬实力>自动化体系,B3
结合你过往的项目，讲一个关于「过程与度量」的具体技术案例：你做了什么、为什么这么做、结果如何、还有什么会改进？,测试,垂直能力>测试/质量>硬实力>过程与度量,B1
如果你来负责这块工作，围绕「过程与度量」，你会怎么设计与验证？先讲讲质量看板，再说说逃逸率，最后给出SLA/SLO与基础概念。,测试,垂直能力>测试/质量>硬实力>过程与度量,B1
如果必须在两种做法中二选一来处理「过程与度量」，你的取舍标准是什么？请用数据或准则说明。,测试,垂直能力>测试/质量>硬实力>过程与度量,B1
遇到需要处理「过程与度量」的真实场景时，你会如何决策？请说清楚背景、关键约束、可选方案与验证路径。,测试,垂直能力>测试/质量>硬实力>过程与度量,B1
当外部约束（如合规/性能/成本）冲突时，你会如何在「过程与度量」上达成平衡？请描述试验与评估方法。,测试,垂直能力>测试/质量>硬实力>过程与度量,B1
请你把「过程与度量」讲给不熟悉该领域的同事听，要求：准确、可操作、并给一个最小可行示例。,测试,垂直能力>测试/质量>硬实力>过程与度量,B1
在多团队协作下推进「过程与度量」时，你会如何对齐接口/口径并管理风险？请给出具体机制。,测试,垂直能力>测试/质量>硬实力>过程与度量,B1
当外部约束（如合规/性能/成本）冲突时，你会如何在「过程与度量」上达成平衡？请描述试验与评估方法。,测试,垂直能力>测试/质量>硬实力>过程与度量,B2
假设我们线上暴露了与「过程与度量」相关的隐患，你会如何组织一次快速复盘并固化改进？,测试,垂直能力>测试/质量>硬实力>过程与度量,B2
结合你过往的项目，讲一个关于「过程与度量」的具体技术案例：你做了什么、为什么这么做、结果如何、还有什么会改进？,测试,垂直能力>测试/质量>硬实力>过程与度量,B2
遇到需要处理「过程与度量」的真实场景时，你会如何决策？请说清楚背景、关键约束、可选方案与验证路径。,测试,垂直能力>测试/质量>硬实力>过程与度量,B2
假设我们线上暴露了与「过程与度量」相关的隐患，你会如何组织一次快速复盘并固化改进？,测试,垂直能力>测试/质量>硬实力>过程与度量,B2
现在给你一周时间做「过程与度量」专项优化，你会如何拆分任务、设置里程碑与衡量成功？,测试,垂直能力>测试/质量>硬实力>过程与度量,B2
在多团队协作下推进「过程与度量」时，你会如何对齐接口/口径并管理风险？请给出具体机制。,测试,垂直能力>测试/质量>硬实力>过程与度量,B2
如果必须在两种做法中二选一来处理「过程与度量」，你的取舍标准是什么？请用数据或准则说明。,测试,垂直能力>测试/质量>硬实力>过程与度量,B3
如果出现异常/失败，围绕「过程与度量」你会如何排查与回滚？请说明触发条件、监控信号和演练频率。,测试,垂直能力>测试/质量>硬实力>过程与度量,B3
遇到需要处理「过程与度量」的真实场景时，你会如何决策？请说清楚背景、关键约束、可选方案与验证路径。,测试,垂直能力>测试/质量>硬实力>过程与度量,B3
在多团队协作下推进「过程与度量」时，你会如何对齐接口/口径并管理风险？请给出具体机制。,测试,垂直能力>测试/质量>硬实力>过程与度量,B3
在多团队协作下推进「过程与度量」时，你会如何对齐接口/口径并管理风险？请给出具体机制。,测试,垂直能力>测试/质量>硬实力>过程与度量,B3
请你把「过程与度量」讲给不熟悉该领域的同事听，要求：准确、可操作、并给一个最小可行示例。,测试,垂直能力>测试/质量>硬实力>过程与度量,B3
如果出现异常/失败，围绕「安全与可用性」你会如何排查与回滚？请说明触发条件、监控信号和演练频率。,测试,垂直能力>测试/质量>硬实力>安全与可用性,B1
如果必须在两种做法中二选一来处理「安全与可用性」，你的取舍标准是什么？请用数据或准则说明。,测试,垂直能力>测试/质量>硬实力>安全与可用性,B1
如果出现异常/失败，围绕「安全与可用性」你会如何排查与回滚？请说明触发条件、监控信号和演练频率。,测试,垂直能力>测试/质量>硬实力>安全与可用性,B1
假设我们线上暴露了与「安全与可用性」相关的隐患，你会如何组织一次快速复盘并固化改进？,测试,垂直能力>测试/质量>硬实力>安全与可用性,B1
如果你来负责这块工作，围绕「安全与可用性」，你会怎么设计与验证？先讲讲威胁建模，再说说渗透，最后给出可用性研究与基础概念。,测试,垂直能力>测试/质量>硬实力>安全与可用性,B1
如果出现异常/失败，围绕「安全与可用性」你会如何排查与回滚？请说明触发条件、监控信号和演练频率。,测试,垂直能力>测试/质量>硬实力>安全与可用性,B1
假设我们线上暴露了与「安全与可用性」相关的隐患，你会如何组织一次快速复盘并固化改进？,测试,垂直能力>测试/质量>硬实力>安全与可用性,B1
遇到需要处理「安全与可用性」的真实场景时，你会如何决策？请说清楚背景、关键约束、可选方案与验证路径。,测试,垂直能力>测试/质量>硬实力>安全与可用性,B2
如果出现异常/失败，围绕「安全与可用性」你会如何排查与回滚？请说明触发条件、监控信号和演练频率。,测试,垂直能力>测试/质量>硬实力>安全与可用性,B2
如果出现异常/失败，围绕「安全与可用性」你会如何排查与回滚？请说明触发条件、监控信号和演练频率。,测试,垂直能力>测试/质量>硬实力>安全与可用性,B2
在多团队协作下推进「安全与可用性」时，你会如何对齐接口/口径并管理风险？请给出具体机制。,测试,垂直能力>测试/质量>硬实力>安全与可用性,B2
假设我们线上暴露了与「安全与可用性」相关的隐患，你会如何组织一次快速复盘并固化改进？,测试,垂直能力>测试/质量>硬实力>安全与可用性,B2
现在给你一周时间做「安全与可用性」专项优化，你会如何拆分任务、设置里程碑与衡量成功？,测试,垂直能力>测试/质量>硬实力>安全与可用性,B2
结合你过往的项目，讲一个关于「安全与可用性」的具体技术案例：你做了什么、为什么这么做、结果如何、还有什么会改进？,测试,垂直能力>测试/质量>硬实力>安全与可用性,B2
现在给你一周时间做「安全与可用性」专项优化，你会如何拆分任务、设置里程碑与衡量成功？,测试,垂直能力>测试/质量>硬实力>安全与可用性,B3
遇到需要处理「安全与可用性」的真实场景时，你会如何决策？请说清楚背景、关键约束、可选方案与验证路径。,测试,垂直能力>测试/质量>硬实力>安全与可用性,B3
如果你来负责这块工作，围绕「安全与可用性」，你会怎么设计与验证？先讲讲威胁建模，再说说渗透，最后给出可用性研究与组织级经验。,测试,垂直能力>测试/质量>硬实力>安全与可用性,B3
如果你来负责这块工作，围绕「安全与可用性」，你会怎么设计与验证？先讲讲威胁建模，再说说渗透，最后给出可用性研究与体系化治理。,测试,垂直能力>测试/质量>硬实力>安全与可用性,B3
如果出现异常/失败，围绕「安全与可用性」你会如何排查与回滚？请说明触发条件、监控信号和演练频率。,测试,垂直能力>测试/质量>硬实力>安全与可用性,B3
在多团队协作下推进「安全与可用性」时，你会如何对齐接口/口径并管理风险？请给出具体机制。,测试,垂直能力>测试/质量>硬实力>安全与可用性,B3
结合你过往的项目，讲一个关于「缺陷沟通与闭环」的具体技术案例：你做了什么、为什么这么做、结果如何、还有什么会改进？,测试,垂直能力>测试/质量>软实力>缺陷沟通与闭环,B1
如果你来负责这块工作，围绕「缺陷沟通与闭环」，你会怎么设计与验证？先讲讲优先级，再说说复现步骤，最后给出回归验证与常见做法。,测试,垂直能力>测试/质量>软实力>缺陷沟通与闭环,B1
请你把「缺陷沟通与闭环」讲给不熟悉该领域的同事听，要求：准确、可操作、并给一个最小可行示例。,测试,垂直能力>测试/质量>软实力>缺陷沟通与闭环,B1
遇到需要处理「缺陷沟通与闭环」的真实场景时，你会如何决策？请说清楚背景、关键约束、可选方案与验证路径。,测试,垂直能力>测试/质量>软实力>缺陷沟通与闭环,B1
遇到需要处理「缺陷沟通与闭环」的真实场景时，你会如何决策？请说清楚背景、关键约束、可选方案与验证路径。,测试,垂直能力>测试/质量>软实力>缺陷沟通与闭环,B1
如果必须在两种做法中二选一来处理「缺陷沟通与闭环」，你的取舍标准是什么？请用数据或准则说明。,测试,垂直能力>测试/质量>软实力>缺陷沟通与闭环,B1
当外部约束（如合规/性能/成本）冲突时，你会如何在「缺陷沟通与闭环」上达成平衡？请描述试验与评估方法。,测试,垂直能力>测试/质量>软实力>缺陷沟通与闭环,B1
遇到需要处理「缺陷沟通与闭环」的真实场景时，你会如何决策？请说清楚背景、关键约束、可选方案与验证路径。,测试,垂直能力>测试/质量>软实力>缺陷沟通与闭环,B2
当外部约束（如合规/性能/成本）冲突时，你会如何在「缺陷沟通与闭环」上达成平衡？请描述试验与评估方法。,测试,垂直能力>测试/质量>软实力>缺陷沟通与闭环,B2
假设我们线上暴露了与「缺陷沟通与闭环」相关的隐患，你会如何组织一次快速复盘并固化改进？,测试,垂直能力>测试/质量>软实力>缺陷沟通与闭环,B2
当外部约束（如合规/性能/成本）冲突时，你会如何在「缺陷沟通与闭环」上达成平衡？请描述试验与评估方法。,测试,垂直能力>测试/质量>软实力>缺陷沟通与闭环,B2
如果必须在两种做法中二选一来处理「缺陷沟通与闭环」，你的取舍标准是什么？请用数据或准则说明。,测试,垂直能力>测试/质量>软实力>缺陷沟通与闭环,B2
如果你来负责这块工作，围绕「缺陷沟通与闭环」，你会怎么设计与验证？先讲讲优先级，再说说复现步骤，最后给出回归验证与验证方式。,测试,垂直能力>测试/质量>软实力>缺陷沟通与闭环,B2
如果必须在两种做法中二选一来处理「缺陷沟通与闭环」，你的取舍标准是什么？请用数据或准则说明。,测试,垂直能力>测试/质量>软实力>缺陷沟通与闭环,B2
请你把「缺陷沟通与闭环」讲给不熟悉该领域的同事听，要求：准确、可操作、并给一个最小可行示例。,测试,垂直能力>测试/质量>软实力>缺陷沟通与闭环,B3
遇到需要处理「缺陷沟通与闭环」的真实场景时，你会如何决策？请说清楚背景、关键约束、可选方案与验证路径。,测试,垂直能力>测试/质量>软实力>缺陷沟通与闭环,B3
如果必须在两种做法中二选一来处理「缺陷沟通与闭环」，你的取舍标准是什么？请用数据或准则说明。,测试,垂直能力>测试/质量>软实力>缺陷沟通与闭环,B3
遇到需要处理「缺陷沟通与闭环」的真实场景时，你会如何决策？请说清楚背景、关键约束、可选方案与验证路径。,测试,垂直能力>测试/质量>软实力>缺陷沟通与闭环,B3
假设我们线上暴露了与「缺陷沟通与闭环」相关的隐患，你会如何组织一次快速复盘并固化改进？,测试,垂直能力>测试/质量>软实力>缺陷沟通与闭环,B3
遇到需要处理「缺陷沟通与闭环」的真实场景时，你会如何决策？请说清楚背景、关键约束、可选方案与验证路径。,测试,垂直能力>测试/质量>软实力>缺陷沟通与闭环,B3
现在给你一周时间做「左移/右移质量与评审」专项优化，你会如何拆分任务、设置里程碑与衡量成功？,测试,垂直能力>测试/质量>软实力>左移/右移质量与评审,B1
假设我们线上暴露了与「左移/右移质量与评审」相关的隐患，你会如何组织一次快速复盘并固化改进？,测试,垂直能力>测试/质量>软实力>左移/右移质量与评审,B1
在多团队协作下推进「左移/右移质量与评审」时，你会如何对齐接口/口径并管理风险？请给出具体机制。,测试,垂直能力>测试/质量>软实力>左移/右移质量与评审,B1
假设我们线上暴露了与「左移/右移质量与评审」相关的隐患，你会如何组织一次快速复盘并固化改进？,测试,垂直能力>测试/质量>软实力>左移/右移质量与评审,B1
现在给你一周时间做「左移/右移质量与评审」专项优化，你会如何拆分任务、设置里程碑与衡量成功？,测试,垂直能力>测试/质量>软实力>左移/右移质量与评审,B1
当外部约束（如合规/性能/成本）冲突时，你会如何在「左移/右移质量与评审」上达成平衡？请描述试验与评估方法。,测试,垂直能力>测试/质量>软实力>左移/右移质量与评审,B1
请你把「左移/右移质量与评审」讲给不熟悉该领域的同事听，要求：准确、可操作、并给一个最小可行示例。,测试,垂直能力>测试/质量>软实力>左移/右移质量与评审,B1
遇到需要处理「左移/右移质量与评审」的真实场景时，你会如何决策？请说清楚背景、关键约束、可选方案与验证路径。,测试,垂直能力>测试/质量>软实力>左移/右移质量与评审,B2
当外部约束（如合规/性能/成本）冲突时，你会如何在「左移/右移质量与评审」上达成平衡？请描述试验与评估方法。,测试,垂直能力>测试/质量>软实力>左移/右移质量与评审,B2
如果出现异常/失败，围绕「左移/右移质量与评审」你会如何排查与回滚？请说明触发条件、监控信号和演练频率。,测试,垂直能力>测试/质量>软实力>左移/右移质量与评审,B2
如果必须在两种做法中二选一来处理「左移/右移质量与评审」，你的取舍标准是什么？请用数据或准则说明。,测试,垂直能力>测试/质量>软实力>左移/右移质量与评审,B2
请你把「左移/右移质量与评审」讲给不熟悉该领域的同事听，要求：准确、可操作、并给一个最小可行示例。,测试,垂直能力>测试/质量>软实力>左移/右移质量与评审,B2
如果必须在两种做法中二选一来处理「左移/右移质量与评审」，你的取舍标准是什么？请用数据或准则说明。,测试,垂直能力>测试/质量>软实力>左移/右移质量与评审,B2
请你把「左移/右移质量与评审」讲给不熟悉该领域的同事听，要求：准确、可操作、并给一个最小可行示例。,测试,垂直能力>测试/质量>软实力>左移/右移质量与评审,B2
遇到需要处理「左移/右移质量与评审」的真实场景时，你会如何决策？请说清楚背景、关键约束、可选方案与验证路径。,测试,垂直能力>测试/质量>软实力>左移/右移质量与评审,B3
请你把「左移/右移质量与评审」讲给不熟悉该领域的同事听，要求：准确、可操作、并给一个最小可行示例。,测试,垂直能力>测试/质量>软实力>左移/右移质量与评审,B3
现在给你一周时间做「左移/右移质量与评审」专项优化，你会如何拆分任务、设置里程碑与衡量成功？,测试,垂直能力>测试/质量>软实力>左移/右移质量与评审,B3
结合你过往的项目，讲一个关于「左移/右移质量与评审」的具体技术案例：你做了什么、为什么这么做、结果如何、还有什么会改进？,测试,垂直能力>测试/质量>软实力>左移/右移质量与评审,B3
如果必须在两种做法中二选一来处理「左移/右移质量与评审」，你的取舍标准是什么？请用数据或准则说明。,测试,垂直能力>测试/质量>软实力>左移/右移质量与评审,B3
遇到需要处理「左移/右移质量与评审」的真实场景时，你会如何决策？请说清楚背景、关键约束、可选方案与验证路径。,测试,垂直能力>测试/质量>软实力>左移/右移质量与评审,B3
遇到需要处理「质量文化与度量改进」的真实场景时，你会如何决策？请说清楚背景、关键约束、可选方案与验证路径。,测试,垂直能力>测试/质量>软实力>质量文化与度量改进,B1
遇到需要处理「质量文化与度量改进」的真实场景时，你会如何决策？请说清楚背景、关键约束、可选方案与验证路径。,测试,垂直能力>测试/质量>软实力>质量文化与度量改进,B1
在多团队协作下推进「质量文化与度量改进」时，你会如何对齐接口/口径并管理风险？请给出具体机制。,测试,垂直能力>测试/质量>软实力>质量文化与度量改进,B1
当外部约束（如合规/性能/成本）冲突时，你会如何在「质量文化与度量改进」上达成平衡？请描述试验与评估方法。,测试,垂直能力>测试/质量>软实力>质量文化与度量改进,B1
假设我们线上暴露了与「质量文化与度量改进」相关的隐患，你会如何组织一次快速复盘并固化改进？,测试,垂直能力>测试/质量>软实力>质量文化与度量改进,B1
当外部约束（如合规/性能/成本）冲突时，你会如何在「质量文化与度量改进」上达成平衡？请描述试验与评估方法。,测试,垂直能力>测试/质量>软实力>质量文化与度量改进,B1
遇到需要处理「质量文化与度量改进」的真实场景时，你会如何决策？请说清楚背景、关键约束、可选方案与验证路径。,测试,垂直能力>测试/质量>软实力>质量文化与度量改进,B1
在多团队协作下推进「质量文化与度量改进」时，你会如何对齐接口/口径并管理风险？请给出具体机制。,测试,垂直能力>测试/质量>软实力>质量文化与度量改进,B2
请你把「质量文化与度量改进」讲给不熟悉该领域的同事听，要求：准确、可操作、并给一个最小可行示例。,测试,垂直能力>测试/质量>软实力>质量文化与度量改进,B2
如果你来负责这块工作，围绕「质量文化与度量改进」，你会怎么设计与验证？先讲讲指标驱动，再说说改进项，最后给出机制化与验证方式。,测试,垂直能力>测试/质量>软实力>质量文化与度量改进,B2
假设我们线上暴露了与「质量文化与度量改进」相关的隐患，你会如何组织一次快速复盘并固化改进？,测试,垂直能力>测试/质量>软实力>质量文化与度量改进,B2
在多团队协作下推进「质量文化与度量改进」时，你会如何对齐接口/口径并管理风险？请给出具体机制。,测试,垂直能力>测试/质量>软实力>质量文化与度量改进,B2
假设我们线上暴露了与「质量文化与度量改进」相关的隐患，你会如何组织一次快速复盘并固化改进？,测试,垂直能力>测试/质量>软实力>质量文化与度量改进,B2
如果出现异常/失败，围绕「质量文化与度量改进」你会如何排查与回滚？请说明触发条件、监控信号和演练频率。,测试,垂直能力>测试/质量>软实力>质量文化与度量改进,B2
如果必须在两种做法中二选一来处理「质量文化与度量改进」，你的取舍标准是什么？请用数据或准则说明。,测试,垂直能力>测试/质量>软实力>质量文化与度量改进,B3
遇到需要处理「质量文化与度量改进」的真实场景时，你会如何决策？请说清楚背景、关键约束、可选方案与验证路径。,测试,垂直能力>测试/质量>软实力>质量文化与度量改进,B3
当外部约束（如合规/性能/成本）冲突时，你会如何在「质量文化与度量改进」上达成平衡？请描述试验与评估方法。,测试,垂直能力>测试/质量>软实力>质量文化与度量改进,B3
遇到需要处理「质量文化与度量改进」的真实场景时，你会如何决策？请说清楚背景、关键约束、可选方案与验证路径。,测试,垂直能力>测试/质量>软实力>质量文化与度量改进,B3
假设我们线上暴露了与「质量文化与度量改进」相关的隐患，你会如何组织一次快速复盘并固化改进？,测试,垂直能力>测试/质量>软实力>质量文化与度量改进,B3
请你把「质量文化与度量改进」讲给不熟悉该领域的同事听，要求：准确、可操作、并给一个最小可行示例。,测试,垂直能力>测试/质量>软实力>质量文化与度量改进,B3
假设我们线上暴露了与「机会探索」相关的隐患，你会如何组织一次快速复盘并固化改进？,产品,垂直能力>产品>硬实力>机会探索,B1
当外部约束（如合规/性能/成本）冲突时，你会如何在「机会探索」上达成平衡？请描述试验与评估方法。,产品,垂直能力>产品>硬实力>机会探索,B1
假设我们线上暴露了与「机会探索」相关的隐患，你会如何组织一次快速复盘并固化改进？,产品,垂直能力>产品>硬实力>机会探索,B1
现在给你一周时间做「机会探索」专项优化，你会如何拆分任务、设置里程碑与衡量成功？,产品,垂直能力>产品>硬实力>机会探索,B1
结合你过往的项目，讲一个关于「机会探索」的具体案例：你做了什么、为什么这么做、结果如何、还有什么会改进？,产品,垂直能力>产品>硬实力>机会探索,B1
现在给你一周时间做「机会探索」专项优化，你会如何拆分任务、设置里程碑与衡量成功？,产品,垂直能力>产品>硬实力>机会探索,B1
在多团队协作下推进「机会探索」时，你会如何对齐接口/口径并管理风险？请给出具体机制。,产品,垂直能力>产品>硬实力>机会探索,B1
结合你过往的项目，讲一个关于「机会探索」的具体案例：你做了什么、为什么这么做、结果如何、还有什么会改进？,产品,垂直能力>产品>硬实力>机会探索,B2
假设我们线上暴露了与「机会探索」相关的隐患，你会如何组织一次快速复盘并固化改进？,产品,垂直能力>产品>硬实力>机会探索,B2
请你把「机会探索」讲给不熟悉该领域的同事听，要求：准确、可操作、并给一个最小可行示例。,产品,垂直能力>产品>硬实力>机会探索,B2
结合你过往的项目，讲一个关于「机会探索」的具体案例：你做了什么、为什么这么做、结果如何、还有什么会改进？,产品,垂直能力>产品>硬实力>机会探索,B2
如果你来负责这块工作，围绕「机会探索」，你会怎么落地？先讲讲用户研究，再说说价值主张/JTBD，最后给出定位与验证方式。,产品,垂直能力>产品>硬实力>机会探索,B2
当外部约束（如合规/性能/成本）冲突时，你会如何在「机会探索」上达成平衡？请描述试验与评估方法。,产品,垂直能力>产品>硬实力>机会探索,B2
请你把「机会探索」讲给不熟悉该领域的同事听，要求：准确、可操作、并给一个最小可行示例。,产品,垂直能力>产品>硬实力>机会探索,B2
如果必须在两种做法中二选一来处理「机会探索」，你的取舍标准是什么？请用数据或准则说明。,产品,垂直能力>产品>硬实力>机会探索,B3
结合你过往的项目，讲一个关于「机会探索」的具体案例：你做了什么、为什么这么做、结果如何、还有什么会改进？,产品,垂直能力>产品>硬实力>机会探索,B3
现在给你一周时间做「机会探索」专项优化，你会如何拆分任务、设置里程碑与衡量成功？,产品,垂直能力>产品>硬实力>机会探索,B3
在多团队协作下推进「机会探索」时，你会如何对齐接口/口径并管理风险？请给出具体机制。,产品,垂直能力>产品>硬实力>机会探索,B3
假设我们线上暴露了与「机会探索」相关的隐患，你会如何组织一次快速复盘并固化改进？,产品,垂直能力>产品>硬实力>机会探索,B3
如果你来负责这块工作，围绕「机会探索」，你会怎么落地？先讲讲用户研究，再说说价值主张/JTBD，最后给出定位与体系化治理。,产品,垂直能力>产品>硬实力>机会探索,B3
结合你过往的项目，讲一个关于「交付与度量」的具体案例：你做了什么、为什么这么做、结果如何、还有什么会改进？,产品,垂直能力>产品>硬实力>交付与度量,B1
如果你来负责这块工作，围绕「交付与度量」，你会怎么落地？先讲讲PRD/验收，再说说路线图/优先级，最后给出因果实验与举例说明。,产品,垂直能力>产品>硬实力>交付与度量,B1
遇到需要处理「交付与度量」的真实场景时，你会如何决策？请说清楚背景、关键约束、可选方案与度量与复盘。,产品,垂直能力>产品>硬实力>交付与度量,B1
如果必须在两种做法中二选一来处理「交付与度量」，你的取舍标准是什么？请用数据或准则说明。,产品,垂直能力>产品>硬实力>交付与度量,B1
请你把「交付与度量」讲给不熟悉该领域的同事听，要求：准确、可操作、并给一个最小可行示例。,产品,垂直能力>产品>硬实力>交付与度量,B1
假设我们线上暴露了与「交付与度量」相关的隐患，你会如何组织一次快速复盘并固化改进？,产品,垂直能力>产品>硬实力>交付与度量,B1
请你把「交付与度量」讲给不熟悉该领域的同事听，要求：准确、可操作、并给一个最小可行示例。,产品,垂直能力>产品>硬实力>交付与度量,B1
如果出现异常/失败，围绕「交付与度量」你会如何排查与回滚？请说明触发条件、监控信号和演练频率。,产品,垂直能力>产品>硬实力>交付与度量,B2
遇到需要处理「交付与度量」的真实场景时，你会如何决策？请说清楚背景、关键约束、可选方案与度量与复盘。,产品,垂直能力>产品>硬实力>交付与度量,B2
请你把「交付与度量」讲给不熟悉该领域的同事听，要求：准确、可操作、并给一个最小可行示例。,产品,垂直能力>产品>硬实力>交付与度量,B2
现在给你一周时间做「交付与度量」专项优化，你会如何拆分任务、设置里程碑与衡量成功？,产品,垂直能力>产品>硬实力>交付与度量,B2
假设我们线上暴露了与「交付与度量」相关的隐患，你会如何组织一次快速复盘并固化改进？,产品,垂直能力>产品>硬实力>交付与度量,B2
当外部约束（如合规/性能/成本）冲突时，你会如何在「交付与度量」上达成平衡？请描述试验与评估方法。,产品,垂直能力>产品>硬实力>交付与度量,B2
现在给你一周时间做「交付与度量」专项优化，你会如何拆分任务、设置里程碑与衡量成功？,产品,垂直能力>产品>硬实力>交付与度量,B2
如果出现异常/失败，围绕「交付与度量」你会如何排查与回滚？请说明触发条件、监控信号和演练频率。,产品,垂直能力>产品>硬实力>交付与度量,B3
假设我们线上暴露了与「交付与度量」相关的隐患，你会如何组织一次快速复盘并固化改进？,产品,垂直能力>产品>硬实力>交付与度量,B3
如果你来负责这块工作，围绕「交付与度量」，你会怎么落地？先讲讲PRD/验收，再说说路线图/优先级，最后给出因果实验与体系化治理。,产品,垂直能力>产品>硬实力>交付与度量,B3
现在给你一周时间做「交付与度量」专项优化，你会如何拆分任务、设置里程碑与衡量成功？,产品,垂直能力>产品>硬实力>交付与度量,B3
结合你过往的项目，讲一个关于「交付与度量」的具体案例：你做了什么、为什么这么做、结果如何、还有什么会改进？,产品,垂直能力>产品>硬实力>交付与度量,B3
现在给你一周时间做「交付与度量」专项优化，你会如何拆分任务、设置里程碑与衡量成功？,产品,垂直能力>产品>硬实力>交付与度量,B3
遇到需要处理「增长协同」的真实场景时，你会如何决策？请说清楚背景、关键约束、可选方案与度量与复盘。,产品,垂直能力>产品>硬实力>增长协同,B1
如果必须在两种做法中二选一来处理「增长协同」，你的取舍标准是什么？请用数据或准则说明。,产品,垂直能力>产品>硬实力>增长协同,B1
请你把「增长协同」讲给不熟悉该领域的同事听，要求：准确、可操作、并给一个最小可行示例。,产品,垂直能力>产品>硬实力>增长协同,B1
结合你过往的项目，讲一个关于「增长协同」的具体案例：你做了什么、为什么这么做、结果如何、还有什么会改进？,产品,垂直能力>产品>硬实力>增长协同,B1
当外部约束（如合规/性能/成本）冲突时，你会如何在「增长协同」上达成平衡？请描述试验与评估方法。,产品,垂直能力>产品>硬实力>增长协同,B1
如果出现异常/失败，围绕「增长协同」你会如何排查与回滚？请说明触发条件、监控信号和演练频率。,产品,垂直能力>产品>硬实力>增长协同,B1
当外部约束（如合规/性能/成本）冲突时，你会如何在「增长协同」上达成平衡？请描述试验与评估方法。,产品,垂直能力>产品>硬实力>增长协同,B1
在多团队协作下推进「增长协同」时，你会如何对齐接口/口径并管理风险？请给出具体机制。,产品,垂直能力>产品>硬实力>增长协同,B2
请你把「增长协同」讲给不熟悉该领域的同事听，要求：准确、可操作、并给一个最小可行示例。,产品,垂直能力>产品>硬实力>增长协同,B2
如果你来负责这块工作，围绕「增长协同」，你会怎么落地？先讲讲AARRR，再说说转化/留存，最后给出渠道配合与验证方式。,产品,垂直能力>产品>硬实力>增长协同,B2
如果你来负责这块工作，围绕「增长协同」，你会怎么落地？先讲讲AARRR，再说说转化/留存，最后给出渠道配合与权衡取舍。,产品,垂直能力>产品>硬实力>增长协同,B2
遇到需要处理「增长协同」的真实场景时，你会如何决策？请说清楚背景、关键约束、可选方案与度量与复盘。,产品,垂直能力>产品>硬实力>增长协同,B2
假设我们线上暴露了与「增长协同」相关的隐患，你会如何组织一次快速复盘并固化改进？,产品,垂直能力>产品>硬实力>增长协同,B2
假设我们线上暴露了与「增长协同」相关的隐患，你会如何组织一次快速复盘并固化改进？,产品,垂直能力>产品>硬实力>增长协同,B2
请你把「增长协同」讲给不熟悉该领域的同事听，要求：准确、可操作、并给一个最小可行示例。,产品,垂直能力>产品>硬实力>增长协同,B3
遇到需要处理「增长协同」的真实场景时，你会如何决策？请说清楚背景、关键约束、可选方案与度量与复盘。,产品,垂直能力>产品>硬实力>增长协同,B3
如果你来负责这块工作，围绕「增长协同」，你会怎么落地？先讲讲AARRR，再说说转化/留存，最后给出渠道配合与指标与机制。,产品,垂直能力>产品>硬实力>增长协同,B3
结合你过往的项目，讲一个关于「增长协同」的具体案例：你做了什么、为什么这么做、结果如何、还有什么会改进？,产品,垂直能力>产品>硬实力>增长协同,B3
如果必须在两种做法中二选一来处理「增长协同」，你的取舍标准是什么？请用数据或准则说明。,产品,垂直能力>产品>硬实力>增长协同,B3
在多团队协作下推进「增长协同」时，你会如何对齐接口/口径并管理风险？请给出具体机制。,产品,垂直能力>产品>硬实力>增长协同,B3
请你把「AI/数据驱动」讲给不熟悉该领域的同事听，要求：准确、可操作、并给一个最小可行示例。,产品,垂直能力>产品>硬实力>AI/数据驱动,B1
如果出现异常/失败，围绕「AI/数据驱动」你会如何排查与回滚？请说明触发条件、监控信号和演练频率。,产品,垂直能力>产品>硬实力>AI/数据驱动,B1
假设我们线上暴露了与「AI/数据驱动」相关的隐患，你会如何组织一次快速复盘并固化改进？,产品,垂直能力>产品>硬实力>AI/数据驱动,B1
当外部约束（如合规/性能/成本）冲突时，你会如何在「AI/数据驱动」上达成平衡？请描述试验与评估方法。,产品,垂直能力>产品>硬实力>AI/数据驱动,B1
请你把「AI/数据驱动」讲给不熟悉该领域的同事听，要求：准确、可操作、并给一个最小可行示例。,产品,垂直能力>产品>硬实力>AI/数据驱动,B1
在多团队协作下推进「AI/数据驱动」时，你会如何对齐接口/口径并管理风险？请给出具体机制。,产品,垂直能力>产品>硬实力>AI/数据驱动,B1
在多团队协作下推进「AI/数据驱动」时，你会如何对齐接口/口径并管理风险？请给出具体机制。,产品,垂直能力>产品>硬实力>AI/数据驱动,B1
遇到需要处理「AI/数据驱动」的真实场景时，你会如何决策？请说清楚背景、关键约束、可选方案与度量与复盘。,产品,垂直能力>产品>硬实力>AI/数据驱动,B2
遇到需要处理「AI/数据驱动」的真实场景时，你会如何决策？请说清楚背景、关键约束、可选方案与度量与复盘。,产品,垂直能力>产品>硬实力>AI/数据驱动,B2
当外部约束（如合规/性能/成本）冲突时，你会如何在「AI/数据驱动」上达成平衡？请描述试验与评估方法。,产品,垂直能力>产品>硬实力>AI/数据驱动,B2
在多团队协作下推进「AI/数据驱动」时，你会如何对齐接口/口径并管理风险？请给出具体机制。,产品,垂直能力>产品>硬实力>AI/数据驱动,B2
结合你过往的项目，讲一个关于「AI/数据驱动」的具体案例：你做了什么、为什么这么做、结果如何、还有什么会改进？,产品,垂直能力>产品>硬实力>AI/数据驱动,B2
遇到需要处理「AI/数据驱动」的真实场景时，你会如何决策？请说清楚背景、关键约束、可选方案与度量与复盘。,产品,垂直能力>产品>硬实力>AI/数据驱动,B2
现在给你一周时间做「AI/数据驱动」专项优化，你会如何拆分任务、设置里程碑与衡量成功？,产品,垂直能力>产品>硬实力>AI/数据驱动,B2
结合你过往的项目，讲一个关于「AI/数据驱动」的具体案例：你做了什么、为什么这么做、结果如何、还有什么会改进？,产品,垂直能力>产品>硬实力>AI/数据驱动,B3
结合你过往的项目，讲一个关于「AI/数据驱动」的具体案例：你做了什么、为什么这么做、结果如何、还有什么会改进？,产品,垂直能力>产品>硬实力>AI/数据驱动,B3
遇到需要处理「AI/数据驱动」的真实场景时，你会如何决策？请说清楚背景、关键约束、可选方案与度量与复盘。,产品,垂直能力>产品>硬实力>AI/数据驱动,B3
如果必须在两种做法中二选一来处理「AI/数据驱动」，你的取舍标准是什么？请用数据或准则说明。,产品,垂直能力>产品>硬实力>AI/数据驱动,B3
假设我们线上暴露了与「AI/数据驱动」相关的隐患，你会如何组织一次快速复盘并固化改进？,产品,垂直能力>产品>硬实力>AI/数据驱动,B3
如果必须在两种做法中二选一来处理「AI/数据驱动」，你的取舍标准是什么？请用数据或准则说明。,产品,垂直能力>产品>硬实力>AI/数据驱动,B3
假设我们线上暴露了与「跨职能沟通与会议」相关的隐患，你会如何组织一次快速复盘并固化改进？,产品,垂直能力>产品>软实力>跨职能沟通与会议,B1
假设我们线上暴露了与「跨职能沟通与会议」相关的隐患，你会如何组织一次快速复盘并固化改进？,产品,垂直能力>产品>软实力>跨职能沟通与会议,B1
在多团队协作下推进「跨职能沟通与会议」时，你会如何对齐接口/口径并管理风险？请给出具体机制。,产品,垂直能力>产品>软实力>跨职能沟通与会议,B1
如果必须在两种做法中二选一来处理「跨职能沟通与会议」，你的取舍标准是什么？请用数据或准则说明。,产品,垂直能力>产品>软实力>跨职能沟通与会议,B1
如果必须在两种做法中二选一来处理「跨职能沟通与会议」，你的取舍标准是什么？请用数据或准则说明。,产品,垂直能力>产品>软实力>跨职能沟通与会议,B1
现在给你一周时间做「跨职能沟通与会议」专项优化，你会如何拆分任务、设置里程碑与衡量成功？,产品,垂直能力>产品>软实力>跨职能沟通与会议,B1
假设我们线上暴露了与「跨职能沟通与会议」相关的隐患，你会如何组织一次快速复盘并固化改进？,产品,垂直能力>产品>软实力>跨职能沟通与会议,B1
在多团队协作下推进「跨职能沟通与会议」时，你会如何对齐接口/口径并管理风险？请给出具体机制。,产品,垂直能力>产品>软实力>跨职能沟通与会议,B2
遇到需要处理「跨职能沟通与会议」的真实场景时，你会如何决策？请说清楚背景、关键约束、可选方案与度量与复盘。,产品,垂直能力>产品>软实力>跨职能沟通与会议,B2
如果必须在两种做法中二选一来处理「跨职能沟通与会议」，你的取舍标准是什么？请用数据或准则说明。,产品,垂直能力>产品>软实力>跨职能沟通与会议,B2
如果你来负责这块工作，围绕「跨职能沟通与会议」，你会怎么落地？先讲讲议程与纪要，再说说冲突梳理，最后给出行动项与权衡取舍。,产品,垂直能力>产品>软实力>跨职能沟通与会议,B2
在多团队协作下推进「跨职能沟通与会议」时，你会如何对齐接口/口径并管理风险？请给出具体机制。,产品,垂直能力>产品>软实力>跨职能沟通与会议,B2
遇到需要处理「跨职能沟通与会议」的真实场景时，你会如何决策？请说清楚背景、关键约束、可选方案与度量与复盘。,产品,垂直能力>产品>软实力>跨职能沟通与会议,B2
遇到需要处理「跨职能沟通与会议」的真实场景时，你会如何决策？请说清楚背景、关键约束、可选方案与度量与复盘。,产品,垂直能力>产品>软实力>跨职能沟通与会议,B2
假设我们线上暴露了与「跨职能沟通与会议」相关的隐患，你会如何组织一次快速复盘并固化改进？,产品,垂直能力>产品>软实力>跨职能沟通与会议,B3
请你把「跨职能沟通与会议」讲给不熟悉该领域的同事听，要求：准确、可操作、并给一个最小可行示例。,产品,垂直能力>产品>软实力>跨职能沟通与会议,B3
假设我们线上暴露了与「跨职能沟通与会议」相关的隐患，你会如何组织一次快速复盘并固化改进？,产品,垂直能力>产品>软实力>跨职能沟通与会议,B3
如果你来负责这块工作，围绕「跨职能沟通与会议」，你会怎么落地？先讲讲议程与纪要，再说说冲突梳理，最后给出行动项与组织级经验。,产品,垂直能力>产品>软实力>跨职能沟通与会议,B3
假设我们线上暴露了与「跨职能沟通与会议」相关的隐患，你会如何组织一次快速复盘并固化改进？,产品,垂直能力>产品>软实力>跨职能沟通与会议,B3
如果出现异常/失败，围绕「跨职能沟通与会议」你会如何排查与回滚？请说明触发条件、监控信号和演练频率。,产品,垂直能力>产品>软实力>跨职能沟通与会议,B3
假设我们线上暴露了与「谈判/冲突调解与叙事」相关的隐患，你会如何组织一次快速复盘并固化改进？,产品,垂直能力>产品>软实力>谈判/冲突调解与叙事,B1
当外部约束（如合规/性能/成本）冲突时，你会如何在「谈判/冲突调解与叙事」上达成平衡？请描述试验与评估方法。,产品,垂直能力>产品>软实力>谈判/冲突调解与叙事,B1
如果你来负责这块工作，围绕「谈判/冲突调解与叙事」，你会怎么落地？先讲讲取舍，再说说叙事影响，最后给出对齐与基础概念。,产品,垂直能力>产品>软实力>谈判/冲突调解与叙事,B1
遇到需要处理「谈判/冲突调解与叙事」的真实场景时，你会如何决策？请说清楚背景、关键约束、可选方案与度量与复盘。,产品,垂直能力>产品>软实力>谈判/冲突调解与叙事,B1
遇到需要处理「谈判/冲突调解与叙事」的真实场景时，你会如何决策？请说清楚背景、关键约束、可选方案与度量与复盘。,产品,垂直能力>产品>软实力>谈判/冲突调解与叙事,B1
结合你过往的项目，讲一个关于「谈判/冲突调解与叙事」的具体案例：你做了什么、为什么这么做、结果如何、还有什么会改进？,产品,垂直能力>产品>软实力>谈判/冲突调解与叙事,B1
如果出现异常/失败，围绕「谈判/冲突调解与叙事」你会如何排查与回滚？请说明触发条件、监控信号和演练频率。,产品,垂直能力>产品>软实力>谈判/冲突调解与叙事,B1
如果必须在两种做法中二选一来处理「谈判/冲突调解与叙事」，你的取舍标准是什么？请用数据或准则说明。,产品,垂直能力>产品>软实力>谈判/冲突调解与叙事,B2
当外部约束（如合规/性能/成本）冲突时，你会如何在「谈判/冲突调解与叙事」上达成平衡？请描述试验与评估方法。,产品,垂直能力>产品>软实力>谈判/冲突调解与叙事,B2
假设我们线上暴露了与「谈判/冲突调解与叙事」相关的隐患，你会如何组织一次快速复盘并固化改进？,产品,垂直能力>产品>软实力>谈判/冲突调解与叙事,B2
在多团队协作下推进「谈判/冲突调解与叙事」时，你会如何对齐接口/口径并管理风险？请给出具体机制。,产品,垂直能力>产品>软实力>谈判/冲突调解与叙事,B2
现在给你一周时间做「谈判/冲突调解与叙事」专项优化，你会如何拆分任务、设置里程碑与衡量成功？,产品,垂直能力>产品>软实力>谈判/冲突调解与叙事,B2
请你把「谈判/冲突调解与叙事」讲给不熟悉该领域的同事听，要求：准确、可操作、并给一个最小可行示例。,产品,垂直能力>产品>软实力>谈判/冲突调解与叙事,B2
假设我们线上暴露了与「谈判/冲突调解与叙事」相关的隐患，你会如何组织一次快速复盘并固化改进？,产品,垂直能力>产品>软实力>谈判/冲突调解与叙事,B2
在多团队协作下推进「谈判/冲突调解与叙事」时，你会如何对齐接口/口径并管理风险？请给出具体机制。,产品,垂直能力>产品>软实力>谈判/冲突调解与叙事,B3
在多团队协作下推进「谈判/冲突调解与叙事」时，你会如何对齐接口/口径并管理风险？请给出具体机制。,产品,垂直能力>产品>软实力>谈判/冲突调解与叙事,B3
当外部约束（如合规/性能/成本）冲突时，你会如何在「谈判/冲突调解与叙事」上达成平衡？请描述试验与评估方法。,产品,垂直能力>产品>软实力>谈判/冲突调解与叙事,B3
请你把「谈判/冲突调解与叙事」讲给不熟悉该领域的同事听，要求：准确、可操作、并给一个最小可行示例。,产品,垂直能力>产品>软实力>谈判/冲突调解与叙事,B3
现在给你一周时间做「谈判/冲突调解与叙事」专项优化，你会如何拆分任务、设置里程碑与衡量成功？,产品,垂直能力>产品>软实力>谈判/冲突调解与叙事,B3
假设我们线上暴露了与「谈判/冲突调解与叙事」相关的隐患，你会如何组织一次快速复盘并固化改进？,产品,垂直能力>产品>软实力>谈判/冲突调解与叙事,B3
在多团队协作下推进「愿景/伦理与风险沟通」时，你会如何对齐接口/口径并管理风险？请给出具体机制。,产品,垂直能力>产品>软实力>愿景/伦理与风险沟通,B1
假设我们线上暴露了与「愿景/伦理与风险沟通」相关的隐患，你会如何组织一次快速复盘并固化改进？,产品,垂直能力>产品>软实力>愿景/伦理与风险沟通,B1
结合你过往的项目，讲一个关于「愿景/伦理与风险沟通」的具体案例：你做了什么、为什么这么做、结果如何、还有什么会改进？,产品,垂直能力>产品>软实力>愿景/伦理与风险沟通,B1
现在给你一周时间做「愿景/伦理与风险沟通」专项优化，你会如何拆分任务、设置里程碑与衡量成功？,产品,垂直能力>产品>软实力>愿景/伦理与风险沟通,B1
请你把「愿景/伦理与风险沟通」讲给不熟悉该领域的同事听，要求：准确、可操作、并给一个最小可行示例。,产品,垂直能力>产品>软实力>愿景/伦理与风险沟通,B1
假设我们线上暴露了与「愿景/伦理与风险沟通」相关的隐患，你会如何组织一次快速复盘并固化改进？,产品,垂直能力>产品>软实力>愿景/伦理与风险沟通,B1
遇到需要处理「愿景/伦理与风险沟通」的真实场景时，你会如何决策？请说清楚背景、关键约束、可选方案与度量与复盘。,产品,垂直能力>产品>软实力>愿景/伦理与风险沟通,B1
当外部约束（如合规/性能/成本）冲突时，你会如何在「愿景/伦理与风险沟通」上达成平衡？请描述试验与评估方法。,产品,垂直能力>产品>软实力>愿景/伦理与风险沟通,B2
在多团队协作下推进「愿景/伦理与风险沟通」时，你会如何对齐接口/口径并管理风险？请给出具体机制。,产品,垂直能力>产品>软实力>愿景/伦理与风险沟通,B2
当外部约束（如合规/性能/成本）冲突时，你会如何在「愿景/伦理与风险沟通」上达成平衡？请描述试验与评估方法。,产品,垂直能力>产品>软实力>愿景/伦理与风险沟通,B2
请你把「愿景/伦理与风险沟通」讲给不熟悉该领域的同事听，要求：准确、可操作、并给一个最小可行示例。,产品,垂直能力>产品>软实力>愿景/伦理与风险沟通,B2
在多团队协作下推进「愿景/伦理与风险沟通」时，你会如何对齐接口/口径并管理风险？请给出具体机制。,产品,垂直能力>产品>软实力>愿景/伦理与风险沟通,B2
在多团队协作下推进「愿景/伦理与风险沟通」时，你会如何对齐接口/口径并管理风险？请给出具体机制。,产品,垂直能力>产品>软实力>愿景/伦理与风险沟通,B2
结合你过往的项目，讲一个关于「愿景/伦理与风险沟通」的具体案例：你做了什么、为什么这么做、结果如何、还有什么会改进？,产品,垂直能力>产品>软实力>愿景/伦理与风险沟通,B2
在多团队协作下推进「愿景/伦理与风险沟通」时，你会如何对齐接口/口径并管理风险？请给出具体机制。,产品,垂直能力>产品>软实力>愿景/伦理与风险沟通,B3
如果出现异常/失败，围绕「愿景/伦理与风险沟通」你会如何排查与回滚？请说明触发条件、监控信号和演练频率。,产品,垂直能力>产品>软实力>愿景/伦理与风险沟通,B3
结合你过往的项目，讲一个关于「愿景/伦理与风险沟通」的具体案例：你做了什么、为什么这么做、结果如何、还有什么会改进？,产品,垂直能力>产品>软实力>愿景/伦理与风险沟通,B3
遇到需要处理「愿景/伦理与风险沟通」的真实场景时，你会如何决策？请说清楚背景、关键约束、可选方案与度量与复盘。,产品,垂直能力>产品>软实力>愿景/伦理与风险沟通,B3
遇到需要处理「愿景/伦理与风险沟通」的真实场景时，你会如何决策？请说清楚背景、关键约束、可选方案与度量与复盘。,产品,垂直能力>产品>软实力>愿景/伦理与风险沟通,B3
当外部约束（如合规/性能/成本）冲突时，你会如何在「愿景/伦理与风险沟通」上达成平衡？请描述试验与评估方法。,产品,垂直能力>产品>软实力>愿景/伦理与风险沟通,B3
当外部约束（如合规/性能/成本）冲突时，你会如何在「数据驱动运营」上达成平衡？请描述试验与评估方法。,运营,垂直能力>运营>硬实力>数据驱动运营,B1
在多团队协作下推进「数据驱动运营」时，你会如何对齐接口/口径并管理风险？请给出具体机制。,运营,垂直能力>运营>硬实力>数据驱动运营,B1
结合你过往的项目，讲一个关于「数据驱动运营」的具体案例：你做了什么、为什么这么做、结果如何、还有什么会改进？,运营,垂直能力>运营>硬实力>数据驱动运营,B1
请你把「数据驱动运营」讲给不熟悉该领域的同事听，要求：准确、可操作、并给一个最小可行示例。,运营,垂直能力>运营>硬实力>数据驱动运营,B1
结合你过往的项目，讲一个关于「数据驱动运营」的具体案例：你做了什么、为什么这么做、结果如何、还有什么会改进？,运营,垂直能力>运营>硬实力>数据驱动运营,B1
假设我们线上暴露了与「数据驱动运营」相关的隐患，你会如何组织一次快速复盘并固化改进？,运营,垂直能力>运营>硬实力>数据驱动运营,B1
如果必须在两种做法中二选一来处理「数据驱动运营」，你的取舍标准是什么？请用数据或准则说明。,运营,垂直能力>运营>硬实力>数据驱动运营,B1
请你把「数据驱动运营」讲给不熟悉该领域的同事听，要求：准确、可操作、并给一个最小可行示例。,运营,垂直能力>运营>硬实力>数据驱动运营,B2
如果出现异常/失败，围绕「数据驱动运营」你会如何排查与回滚？请说明触发条件、监控信号和演练频率。,运营,垂直能力>运营>硬实力>数据驱动运营,B2
假设我们线上暴露了与「数据驱动运营」相关的隐患，你会如何组织一次快速复盘并固化改进？,运营,垂直能力>运营>硬实力>数据驱动运营,B2
如果必须在两种做法中二选一来处理「数据驱动运营」，你的取舍标准是什么？请用数据或准则说明。,运营,垂直能力>运营>硬实力>数据驱动运营,B2
当外部约束（如合规/性能/成本）冲突时，你会如何在「数据驱动运营」上达成平衡？请描述试验与评估方法。,运营,垂直能力>运营>硬实力>数据驱动运营,B2
现在给你一周时间做「数据驱动运营」专项优化，你会如何拆分任务、设置里程碑与衡量成功？,运营,垂直能力>运营>硬实力>数据驱动运营,B2
如果出现异常/失败，围绕「数据驱动运营」你会如何排查与回滚？请说明触发条件、监控信号和演练频率。,运营,垂直能力>运营>硬实力>数据驱动运营,B2
假设我们线上暴露了与「数据驱动运营」相关的隐患，你会如何组织一次快速复盘并固化改进？,运营,垂直能力>运营>硬实力>数据驱动运营,B3
如果必须在两种做法中二选一来处理「数据驱动运营」，你的取舍标准是什么？请用数据或准则说明。,运营,垂直能力>运营>硬实力>数据驱动运营,B3
请你把「数据驱动运营」讲给不熟悉该领域的同事听，要求：准确、可操作、并给一个最小可行示例。,运营,垂直能力>运营>硬实力>数据驱动运营,B3
当外部约束（如合规/性能/成本）冲突时，你会如何在「数据驱动运营」上达成平衡？请描述试验与评估方法。,运营,垂直能力>运营>硬实力>数据驱动运营,B3
结合你过往的项目，讲一个关于「数据驱动运营」的具体案例：你做了什么、为什么这么做、结果如何、还有什么会改进？,运营,垂直能力>运营>硬实力>数据驱动运营,B3
假设我们线上暴露了与「数据驱动运营」相关的隐患，你会如何组织一次快速复盘并固化改进？,运营,垂直能力>运营>硬实力>数据驱动运营,B3
现在给你一周时间做「渠道与内容」专项优化，你会如何拆分任务、设置里程碑与衡量成功？,运营,垂直能力>运营>硬实力>渠道与内容,B1
如果必须在两种做法中二选一来处理「渠道与内容」，你的取舍标准是什么？请用数据或准则说明。,运营,垂直能力>运营>硬实力>渠道与内容,B1
当外部约束（如合规/性能/成本）冲突时，你会如何在「渠道与内容」上达成平衡？请描述试验与评估方法。,运营,垂直能力>运营>硬实力>渠道与内容,B1
当外部约束（如合规/性能/成本）冲突时，你会如何在「渠道与内容」上达成平衡？请描述试验与评估方法。,运营,垂直能力>运营>硬实力>渠道与内容,B1
现在给你一周时间做「渠道与内容」专项优化，你会如何拆分任务、设置里程碑与衡量成功？,运营,垂直能力>运营>硬实力>渠道与内容,B1
结合你过往的项目，讲一个关于「渠道与内容」的具体案例：你做了什么、为什么这么做、结果如何、还有什么会改进？,运营,垂直能力>运营>硬实力>渠道与内容,B1
如果必须在两种做法中二选一来处理「渠道与内容」，你的取舍标准是什么？请用数据或准则说明。,运营,垂直能力>运营>硬实力>渠道与内容,B1
结合你过往的项目，讲一个关于「渠道与内容」的具体案例：你做了什么、为什么这么做、结果如何、还有什么会改进？,运营,垂直能力>运营>硬实力>渠道与内容,B2
遇到需要处理「渠道与内容」的真实场景时，你会如何决策？请说清楚背景、关键约束、可选方案与度量与复盘。,运营,垂直能力>运营>硬实力>渠道与内容,B2
如果必须在两种做法中二选一来处理「渠道与内容」，你的取舍标准是什么？请用数据或准则说明。,运营,垂直能力>运营>硬实力>渠道与内容,B2
如果你来负责这块工作，围绕「渠道与内容」，你会怎么落地？先讲讲SEO/投放，再说说社媒/CRM，最后给出内容策略与权衡取舍。,运营,垂直能力>运营>硬实力>渠道与内容,B2
如果你来负责这块工作，围绕「渠道与内容」，你会怎么落地？先讲讲SEO/投放，再说说社媒/CRM，最后给出内容策略与权衡取舍。,运营,垂直能力>运营>硬实力>渠道与内容,B2
当外部约束（如合规/性能/成本）冲突时，你会如何在「渠道与内容」上达成平衡？请描述试验与评估方法。,运营,垂直能力>运营>硬实力>渠道与内容,B2
如果出现异常/失败，围绕「渠道与内容」你会如何排查与回滚？请说明触发条件、监控信号和演练频率。,运营,垂直能力>运营>硬实力>渠道与内容,B2
遇到需要处理「渠道与内容」的真实场景时，你会如何决策？请说清楚背景、关键约束、可选方案与度量与复盘。,运营,垂直能力>运营>硬实力>渠道与内容,B3
如果出现异常/失败，围绕「渠道与内容」你会如何排查与回滚？请说明触发条件、监控信号和演练频率。,运营,垂直能力>运营>硬实力>渠道与内容,B3
在多团队协作下推进「渠道与内容」时，你会如何对齐接口/口径并管理风险？请给出具体机制。,运营,垂直能力>运营>硬实力>渠道与内容,B3
在多团队协作下推进「渠道与内容」时，你会如何对齐接口/口径并管理风险？请给出具体机制。,运营,垂直能力>运营>硬实力>渠道与内容,B3
结合你过往的项目，讲一个关于「渠道与内容」的具体案例：你做了什么、为什么这么做、结果如何、还有什么会改进？,运营,垂直能力>运营>硬实力>渠道与内容,B3
现在给你一周时间做「渠道与内容」专项优化，你会如何拆分任务、设置里程碑与衡量成功？,运营,垂直能力>运营>硬实力>渠道与内容,B3
结合你过往的项目，讲一个关于「合规与平台治理」的具体案例：你做了什么、为什么这么做、结果如何、还有什么会改进？,运营,垂直能力>运营>硬实力>合规与平台治理,B1
如果必须在两种做法中二选一来处理「合规与平台治理」，你的取舍标准是什么？请用数据或准则说明。,运营,垂直能力>运营>硬实力>合规与平台治理,B1
假设我们线上暴露了与「合规与平台治理」相关的隐患，你会如何组织一次快速复盘并固化改进？,运营,垂直能力>运营>硬实力>合规与平台治理,B1
遇到需要处理「合规与平台治理」的真实场景时，你会如何决策？请说清楚背景、关键约束、可选方案与度量与复盘。,运营,垂直能力>运营>硬实力>合规与平台治理,B1
现在给你一周时间做「合规与平台治理」专项优化，你会如何拆分任务、设置里程碑与衡量成功？,运营,垂直能力>运营>硬实力>合规与平台治理,B1
结合你过往的项目，讲一个关于「合规与平台治理」的具体案例：你做了什么、为什么这么做、结果如何、还有什么会改进？,运营,垂直能力>运营>硬实力>合规与平台治理,B1
假设我们线上暴露了与「合规与平台治理」相关的隐患，你会如何组织一次快速复盘并固化改进？,运营,垂直能力>运营>硬实力>合规与平台治理,B1
请你把「合规与平台治理」讲给不熟悉该领域的同事听，要求：准确、可操作、并给一个最小可行示例。,运营,垂直能力>运营>硬实力>合规与平台治理,B2
现在给你一周时间做「合规与平台治理」专项优化，你会如何拆分任务、设置里程碑与衡量成功？,运营,垂直能力>运营>硬实力>合规与平台治理,B2
现在给你一周时间做「合规与平台治理」专项优化，你会如何拆分任务、设置里程碑与衡量成功？,运营,垂直能力>运营>硬实力>合规与平台治理,B2
如果你来负责这块工作，围绕「合规与平台治理」，你会怎么落地？先讲讲反滥用，再说说隐私/合规，最后给出申诉流程与方案设计。,运营,垂直能力>运营>硬实力>合规与平台治理,B2
请你把「合规与平台治理」讲给不熟悉该领域的同事听，要求：准确、可操作、并给一个最小可行示例。,运营,垂直能力>运营>硬实力>合规与平台治理,B2
假设我们线上暴露了与「合规与平台治理」相关的隐患，你会如何组织一次快速复盘并固化改进？,运营,垂直能力>运营>硬实力>合规与平台治理,B2
遇到需要处理「合规与平台治理」的真实场景时，你会如何决策？请说清楚背景、关键约束、可选方案与度量与复盘。,运营,垂直能力>运营>硬实力>合规与平台治理,B2
如果必须在两种做法中二选一来处理「合规与平台治理」，你的取舍标准是什么？请用数据或准则说明。,运营,垂直能力>运营>硬实力>合规与平台治理,B3
当外部约束（如合规/性能/成本）冲突时，你会如何在「合规与平台治理」上达成平衡？请描述试验与评估方法。,运营,垂直能力>运营>硬实力>合规与平台治理,B3
当外部约束（如合规/性能/成本）冲突时，你会如何在「合规与平台治理」上达成平衡？请描述试验与评估方法。,运营,垂直能力>运营>硬实力>合规与平台治理,B3
如果出现异常/失败，围绕「合规与平台治理」你会如何排查与回滚？请说明触发条件、监控信号和演练频率。,运营,垂直能力>运营>硬实力>合规与平台治理,B3
结合你过往的项目，讲一个关于「合规与平台治理」的具体案例：你做了什么、为什么这么做、结果如何、还有什么会改进？,运营,垂直能力>运营>硬实力>合规与平台治理,B3
请你把「合规与平台治理」讲给不熟悉该领域的同事听，要求：准确、可操作、并给一个最小可行示例。,运营,垂直能力>运营>硬实力>合规与平台治理,B3
假设我们线上暴露了与「社区互动与调性」相关的隐患，你会如何组织一次快速复盘并固化改进？,运营,垂直能力>运营>软实力>社区互动与调性,B1
如果出现异常/失败，围绕「社区互动与调性」你会如何排查与回滚？请说明触发条件、监控信号和演练频率。,运营,垂直能力>运营>软实力>社区互动与调性,B1
请你把「社区互动与调性」讲给不熟悉该领域的同事听，要求：准确、可操作、并给一个最小可行示例。,运营,垂直能力>运营>软实力>社区互动与调性,B1
遇到需要处理「社区互动与调性」的真实场景时，你会如何决策？请说清楚背景、关键约束、可选方案与度量与复盘。,运营,垂直能力>运营>软实力>社区互动与调性,B1
在多团队协作下推进「社区互动与调性」时，你会如何对齐接口/口径并管理风险？请给出具体机制。,运营,垂直能力>运营>软实力>社区互动与调性,B1
当外部约束（如合规/性能/成本）冲突时，你会如何在「社区互动与调性」上达成平衡？请描述试验与评估方法。,运营,垂直能力>运营>软实力>社区互动与调性,B1
当外部约束（如合规/性能/成本）冲突时，你会如何在「社区互动与调性」上达成平衡？请描述试验与评估方法。,运营,垂直能力>运营>软实力>社区互动与调性,B1
当外部约束（如合规/性能/成本）冲突时，你会如何在「社区互动与调性」上达成平衡？请描述试验与评估方法。,运营,垂直能力>运营>软实力>社区互动与调性,B2
请你把「社区互动与调性」讲给不熟悉该领域的同事听，要求：准确、可操作、并给一个最小可行示例。,运营,垂直能力>运营>软实力>社区互动与调性,B2
如果你来负责这块工作，围绕「社区互动与调性」，你会怎么落地？先讲讲活动节奏，再说说KOL/UGC，最后给出社区规范与权衡取舍。,运营,垂直能力>运营>软实力>社区互动与调性,B2
请你把「社区互动与调性」讲给不熟悉该领域的同事听，要求：准确、可操作、并给一个最小可行示例。,运营,垂直能力>运营>软实力>社区互动与调性,B2
现在给你一周时间做「社区互动与调性」专项优化，你会如何拆分任务、设置里程碑与衡量成功？,运营,垂直能力>运营>软实力>社区互动与调性,B2
如果你来负责这块工作，围绕「社区互动与调性」，你会怎么落地？先讲讲活动节奏，再说说KOL/UGC，最后给出社区规范与验证方式。,运营,垂直能力>运营>软实力>社区互动与调性,B2
遇到需要处理「社区互动与调性」的真实场景时，你会如何决策？请说清楚背景、关键约束、可选方案与度量与复盘。,运营,垂直能力>运营>软实力>社区互动与调性,B2
如果出现异常/失败，围绕「社区互动与调性」你会如何排查与回滚？请说明触发条件、监控信号和演练频率。,运营,垂直能力>运营>软实力>社区互动与调性,B3
遇到需要处理「社区互动与调性」的真实场景时，你会如何决策？请说清楚背景、关键约束、可选方案与度量与复盘。,运营,垂直能力>运营>软实力>社区互动与调性,B3
在多团队协作下推进「社区互动与调性」时，你会如何对齐接口/口径并管理风险？请给出具体机制。,运营,垂直能力>运营>软实力>社区互动与调性,B3
如果你来负责这块工作，围绕「社区互动与调性」，你会怎么落地？先讲讲活动节奏，再说说KOL/UGC，最后给出社区规范与体系化治理。,运营,垂直能力>运营>软实力>社区互动与调性,B3
当外部约束（如合规/性能/成本）冲突时，你会如何在「社区互动与调性」上达成平衡？请描述试验与评估方法。,运营,垂直能力>运营>软实力>社区互动与调性,B3
结合你过往的项目，讲一个关于「社区互动与调性」的具体案例：你做了什么、为什么这么做、结果如何、还有什么会改进？,运营,垂直能力>运营>软实力>社区互动与调性,B3
如果必须在两种做法中二选一来处理「流程推进与资源协调」，你的取舍标准是什么？请用数据或准则说明。,运营,垂直能力>运营>软实力>流程推进与资源协调,B1
如果必须在两种做法中二选一来处理「流程推进与资源协调」，你的取舍标准是什么？请用数据或准则说明。,运营,垂直能力>运营>软实力>流程推进与资源协调,B1
结合你过往的项目，讲一个关于「流程推进与资源协调」的具体案例：你做了什么、为什么这么做、结果如何、还有什么会改进？,运营,垂直能力>运营>软实力>流程推进与资源协调,B1
遇到需要处理「流程推进与资源协调」的真实场景时，你会如何决策？请说清楚背景、关键约束、可选方案与度量与复盘。,运营,垂直能力>运营>软实力>流程推进与资源协调,B1
如果必须在两种做法中二选一来处理「流程推进与资源协调」，你的取舍标准是什么？请用数据或准则说明。,运营,垂直能力>运营>软实力>流程推进与资源协调,B1
现在给你一周时间做「流程推进与资源协调」专项优化，你会如何拆分任务、设置里程碑与衡量成功？,运营,垂直能力>运营>软实力>流程推进与资源协调,B1
如果你来负责这块工作，围绕「流程推进与资源协调」，你会怎么落地？先讲讲SOP，再说说里程碑，最后给出资源池与基础概念。,运营,垂直能力>运营>软实力>流程推进与资源协调,B1
如果你来负责这块工作，围绕「流程推进与资源协调」，你会怎么落地？先讲讲SOP，再说说里程碑，最后给出资源池与方案设计。,运营,垂直能力>运营>软实力>流程推进与资源协调,B2
现在给你一周时间做「流程推进与资源协调」专项优化，你会如何拆分任务、设置里程碑与衡量成功？,运营,垂直能力>运营>软实力>流程推进与资源协调,B2
请你把「流程推进与资源协调」讲给不熟悉该领域的同事听，要求：准确、可操作、并给一个最小可行示例。,运营,垂直能力>运营>软实力>流程推进与资源协调,B2
如果必须在两种做法中二选一来处理「流程推进与资源协调」，你的取舍标准是什么？请用数据或准则说明。,运营,垂直能力>运营>软实力>流程推进与资源协调,B2
如果你来负责这块工作，围绕「流程推进与资源协调」，你会怎么落地？先讲讲SOP，再说说里程碑，最后给出资源池与权衡取舍。,运营,垂直能力>运营>软实力>流程推进与资源协调,B2
如果出现异常/失败，围绕「流程推进与资源协调」你会如何排查与回滚？请说明触发条件、监控信号和演练频率。,运营,垂直能力>运营>软实力>流程推进与资源协调,B2
在多团队协作下推进「流程推进与资源协调」时，你会如何对齐接口/口径并管理风险？请给出具体机制。,运营,垂直能力>运营>软实力>流程推进与资源协调,B2
在多团队协作下推进「流程推进与资源协调」时，你会如何对齐接口/口径并管理风险？请给出具体机制。,运营,垂直能力>运营>软实力>流程推进与资源协调,B3
遇到需要处理「流程推进与资源协调」的真实场景时，你会如何决策？请说清楚背景、关键约束、可选方案与度量与复盘。,运营,垂直能力>运营>软实力>流程推进与资源协调,B3
请你把「流程推进与资源协调」讲给不熟悉该领域的同事听，要求：准确、可操作、并给一个最小可行示例。,运营,垂直能力>运营>软实力>流程推进与资源协调,B3
如果必须在两种做法中二选一来处理「流程推进与资源协调」，你的取舍标准是什么？请用数据或准则说明。,运营,垂直能力>运营>软实力>流程推进与资源协调,B3
在多团队协作下推进「流程推进与资源协调」时，你会如何对齐接口/口径并管理风险？请给出具体机制。,运营,垂直能力>运营>软实力>流程推进与资源协调,B3
如果必须在两种做法中二选一来处理「流程推进与资源协调」，你的取舍标准是什么？请用数据或准则说明。,运营,垂直能力>运营>软实力>流程推进与资源协调,B3
如果必须在两种做法中二选一来处理「危机沟通与品牌治理」，你的取舍标准是什么？请用数据或准则说明。,运营,垂直能力>运营>软实力>危机沟通与品牌治理,B1
当外部约束（如合规/性能/成本）冲突时，你会如何在「危机沟通与品牌治理」上达成平衡？请描述试验与评估方法。,运营,垂直能力>运营>软实力>危机沟通与品牌治理,B1
遇到需要处理「危机沟通与品牌治理」的真实场景时，你会如何决策？请说清楚背景、关键约束、可选方案与度量与复盘。,运营,垂直能力>运营>软实力>危机沟通与品牌治理,B1
请你把「危机沟通与品牌治理」讲给不熟悉该领域的同事听，要求：准确、可操作、并给一个最小可行示例。,运营,垂直能力>运营>软实力>危机沟通与品牌治理,B1
请你把「危机沟通与品牌治理」讲给不熟悉该领域的同事听，要求：准确、可操作、并给一个最小可行示例。,运营,垂直能力>运营>软实力>危机沟通与品牌治理,B1
结合你过往的项目，讲一个关于「危机沟通与品牌治理」的具体案例：你做了什么、为什么这么做、结果如何、还有什么会改进？,运营,垂直能力>运营>软实力>危机沟通与品牌治理,B1
现在给你一周时间做「危机沟通与品牌治理」专项优化，你会如何拆分任务、设置里程碑与衡量成功？,运营,垂直能力>运营>软实力>危机沟通与品牌治理,B1
遇到需要处理「危机沟通与品牌治理」的真实场景时，你会如何决策？请说清楚背景、关键约束、可选方案与度量与复盘。,运营,垂直能力>运营>软实力>危机沟通与品牌治理,B2
在多团队协作下推进「危机沟通与品牌治理」时，你会如何对齐接口/口径并管理风险？请给出具体机制。,运营,垂直能力>运营>软实力>危机沟通与品牌治理,B2
现在给你一周时间做「危机沟通与品牌治理」专项优化，你会如何拆分任务、设置里程碑与衡量成功？,运营,垂直能力>运营>软实力>危机沟通与品牌治理,B2
如果必须在两种做法中二选一来处理「危机沟通与品牌治理」，你的取舍标准是什么？请用数据或准则说明。,运营,垂直能力>运营>软实力>危机沟通与品牌治理,B2
请你把「危机沟通与品牌治理」讲给不熟悉该领域的同事听，要求：准确、可操作、并给一个最小可行示例。,运营,垂直能力>运营>软实力>危机沟通与品牌治理,B2
如果必须在两种做法中二选一来处理「危机沟通与品牌治理」，你的取舍标准是什么？请用数据或准则说明。,运营,垂直能力>运营>软实力>危机沟通与品牌治理,B2
如果必须在两种做法中二选一来处理「危机沟通与品牌治理」，你的取舍标准是什么？请用数据或准则说明。,运营,垂直能力>运营>软实力>危机沟通与品牌治理,B2
在多团队协作下推进「危机沟通与品牌治理」时，你会如何对齐接口/口径并管理风险？请给出具体机制。,运营,垂直能力>运营>软实力>危机沟通与品牌治理,B3
请你把「危机沟通与品牌治理」讲给不熟悉该领域的同事听，要求：准确、可操作、并给一个最小可行示例。,运营,垂直能力>运营>软实力>危机沟通与品牌治理,B3
如果你来负责这块工作，围绕「危机沟通与品牌治理」，你会怎么落地？先讲讲舆情分级，再说说统一口径，最后给出品牌修复与指标与机制。,运营,垂直能力>运营>软实力>危机沟通与品牌治理,B3
请你把「危机沟通与品牌治理」讲给不熟悉该领域的同事听，要求：准确、可操作、并给一个最小可行示例。,运营,垂直能力>运营>软实力>危机沟通与品牌治理,B3
当外部约束（如合规/性能/成本）冲突时，你会如何在「危机沟通与品牌治理」上达成平衡？请描述试验与评估方法。,运营,垂直能力>运营>软实力>危机沟通与品牌治理,B3
结合你过往的项目，讲一个关于「危机沟通与品牌治理」的具体案例：你做了什么、为什么这么做、结果如何、还有什么会改进？,运营,垂直能力>运营>软实力>危机沟通与品牌治理,B3
